max_rh_93710,max_soil_temp_93710,min_wss_93720,date,Season,year,aqi,ozone,pm25,nox,pollutant
98,7.5,0.0,2017-12-12T00:00:00,0.75,2017,156,0.0291999951004982,65.0,0.1053,pm25
97,7.5,0.0,2017-12-15T00:00:00,0.75,2017,163,0.0399999991059303,78.2,0.1218,pm25
97,9.5,0.0,2017-12-27T00:00:00,0.0,2017,152,0.0396000035107136,56.9,0.0961,pm25
97,10.5,0.0,2017-01-26T00:00:00,0.0,2017,88,0.0331000052392483,29.8,0.0829,pm25
97,10.5,0.0,2017-01-27T00:00:00,0.0,2017,92,0.0383999906480312,31.8,0.073,pm25
97,11.5,0.0,2017-01-06T00:00:00,0.0,2017,94,0.028499998152256,32.4,0.0881,pm25
97,12.0,0.0,2017-01-05T00:00:00,0.0,2017,42,0.035300001502037,10.1,0.0209,pm25
95,12.5,2.1,2017-02-03T00:00:00,0.0,2017,60,0.0373000018298626,16.3,0.0136,pm25
96,12.5,0.0,2017-02-04T00:00:00,0.0,2017,68,0.0439999997615814,20.0,0.0416,pm25
94,13.0,2.6,2017-02-07T00:00:00,0.0,2017,36,0.038600005209446,7.9,0.006,ozone
93,13.0,2.1,2017-01-10T00:00:00,0.0,2017,52,0.0362999998033047,12.5,0.0231,pm25
98,13.5,0.0,2017-02-14T00:00:00,0.0,2017,84,0.0433000028133392,27.7,0.0448,pm25
87,13.5,1.5,2017-02-16T00:00:00,0.0,2017,50,0.0398999936878681,11.9,0.0156,pm25
93,14.0,1.5,2017-02-22T00:00:00,0.0,2017,41,0.0446000024676323,9.8,0.006,pm25
99,14.5,0.0,2017-12-01T00:00:00,0.75,2017,149,0.0418999902904034,54.8,0.0875,pm25
79,15.0,0.0,2017-03-31T00:00:00,0.25,2017,68,0.0503000020980835,20.2,0.0235,pm25
98,15.5,0.0,2017-03-14T00:00:00,0.0,2017,116,0.0751999616622925,18.5,0.0447,ozone
96,15.5,0.0,2017-04-09T00:00:00,0.25,2017,58,0.0571999959647655,14.2,0.0169,ozone
90,16.0,2.6,2017-03-21T00:00:00,0.25,2017,57,0.0441000051796436,14.9,0.0122,pm25
92,16.0,0.0,2017-03-16T00:00:00,0.0,2017,54,0.0413000024855137,13.5,0.015,pm25
99,16.0,0.0,2017-11-19T00:00:00,0.75,2017,95,0.0438000001013279,32.8,0.0407,pm25
99,16.0,0.0,2017-11-28T00:00:00,0.75,2017,99,0.0368999913334846,34.7,0.0504,pm25
96,16.0,0.0,2017-03-18T00:00:00,0.0,2017,85,0.0653999447822571,23.6,0.0155,ozone
82,17.0,0.0,2017-11-09T00:00:00,0.75,2017,36,0.0336000025272369,8.6,0.0163,pm25
98,17.0,0.0,2017-11-11T00:00:00,0.75,2017,93,0.0426999963819981,32.0,0.0532,pm25
82,17.0,0.0,2017-04-28T00:00:00,0.25,2017,70,0.0608999915421009,12.9,0.0078,ozone
84,17.0,0.0,2017-10-17T00:00:00,0.75,2017,105,0.0720999836921692,34.7,0.0558,ozone
94,17.0,0.0,2017-04-26T00:00:00,0.25,2017,50,0.045499999076128,12.0,0.0157,pm25
80,18.0,0.0,2017-10-11T00:00:00,0.75,2017,181,0.0696999430656433,113.8,0.0338,pm25
87,18.0,1.5,2017-11-05T00:00:00,0.75,2017,52,0.0396000035107136,12.5,0.0193,pm25
76,19.0,0.0,2017-09-26T00:00:00,0.75,2017,101,0.0709999799728394,14.0,0.0534,ozone
80,20.0,0.0,2017-09-29T00:00:00,0.75,2017,121,0.0767999887466431,17.6,0.0511,ozone
78,20.0,1.5,2017-09-30T00:00:00,0.75,2017,52,0.04789999127388,12.8,0.0083,pm25
74,23.0,0.0,2017-06-19T00:00:00,0.25,2017,141,0.0823999643325806,25.8,0.0356,ozone
90,25.0,0.0,2017-09-12T00:00:00,1.0,2017,201,0.0895999670028687,29.7,0.0243,ozone
75,26.0,0.0,2017-08-08T00:00:00,1.0,2017,100,0.0699999928474426,23.0,0.0141,ozone
69,26.0,0.0,2017-07-28T00:00:00,1.0,2017,134,0.0803999900817871,22.7,0.0222,ozone
87,26.0,0.0,2017-09-09T00:00:00,1.0,2017,125,0.0778999924659729,20.7,0.0115,ozone
67,26.0,0.0,2017-07-24T00:00:00,1.0,2017,107,0.0726999640464783,19.5,0.0184,ozone
82,28.0,0.0,2017-09-06T00:00:00,1.0,2017,147,0.0840999484062195,20.1,0.0119,ozone
96,16.5,0.0,2017-04-18T00:00:00,0.25,2017,43,0.0408999919891357,10.4,0.0315,pm25
86,16.5,0.0,2017-04-13T00:00:00,0.25,2017,43,0.0463999919593334,8.1,0.0104,ozone
85,16.5,0.0,2017-10-15T00:00:00,0.75,2017,122,0.0770999789237976,30.8,0.0326,ozone
90,16.5,3.1,2017-04-20T00:00:00,0.25,2017,51,0.055100005120039,12.1,0.0133,pm25
80,16.5,0.0,2017-05-18T00:00:00,0.25,2017,63,0.0586000047624111,16.6,0.0308,ozone
78,16.5,0.0,2017-10-14T00:00:00,0.75,2017,115,0.0751000046730042,37.1,0.0315,ozone
93,16.5,0.0,2017-11-15T00:00:00,0.75,2017,76,0.0443999916315079,24.1,0.027,pm25
68,17.5,2.1,2017-05-19T00:00:00,0.25,2017,77,0.0628999471664429,16.6,0.0165,ozone
95,17.5,0.0,2017-10-21T00:00:00,0.75,2017,96,0.0476999953389168,33.4,0.0328,pm25
93,17.5,2.6,2017-04-07T00:00:00,0.25,2017,54,0.0509999990463257,13.3,0.013,pm25
89,17.5,0.0,2017-10-19T00:00:00,0.75,2017,153,0.0762999653816223,59.8,0.0528,pm25
86,19.5,1.5,2017-05-11T00:00:00,0.25,2017,62,0.0583999902009964,13.2,0.0075,ozone
69,22.5,0.0,2017-09-18T00:00:00,1.0,2017,81,0.0581999942660332,26.4,0.0268,pm25
68,25.5,1.5,2017-07-26T00:00:00,1.0,2017,80,0.0637999773025513,17.5,0.0116,ozone
73,25.5,1.5,2017-08-27T00:00:00,1.0,2017,145,0.0835999846458435,24.1,0.012,ozone
69,25.5,1.5,2017-08-18T00:00:00,1.0,2017,126,0.0781999826431274,21.0,0.0116,ozone
72,25.5,1.5,2017-08-13T00:00:00,1.0,2017,109,0.073199987411499,18.1,0.0114,ozone
80,27.5,0.0,2017-06-22T00:00:00,1.0,2017,200,0.0986999869346619,24.6,0.0183,ozone
76,27.5,0.0,2017-06-25T00:00:00,1.0,2017,147,0.0840999484062195,16.8,0.0115,ozone
76,28.5,0.0,2017-09-05T00:00:00,1.0,2017,145,0.0836999416351318,29.6,0.0154,ozone
90,7.3,0.0,2017-12-20T00:00:00,0.75,2017,64,0.0361999943852425,18.4,0.0279,pm25
99,7.3,0.0,2017-12-21T00:00:00,0.0,2017,115,0.0401999950408936,41.3,0.0818,pm25
99,7.3,0.0,2017-12-14T00:00:00,0.75,2017,165,0.0486000031232834,83.4,0.0834,pm25
97,7.8,0.0,2017-12-11T00:00:00,0.75,2017,152,0.031300000846386,57.5,0.1373,pm25
96,8.1,0.0,2017-12-10T00:00:00,0.75,2017,152,0.0441999956965446,58.0,0.0935,pm25
95,8.6,0.0,2017-12-09T00:00:00,0.75,2017,148,0.0458000004291534,54.4,0.1073,pm25
94,9.1,0.0,2017-12-07T00:00:00,0.75,2017,98,0.0378999933600426,34.4,0.103,pm25
97,9.1,0.0,2017-12-23T00:00:00,0.0,2017,155,0.030799999833107,63.6,0.0677,pm25
96,9.6,0.0,2017-12-25T00:00:00,0.0,2017,169,0.037600003182888,89.4,0.039,pm25
95,9.6,0.0,2017-12-26T00:00:00,0.0,2017,171,0.0452999994158745,95.2,0.0991,pm25
99,10.6,0.0,2017-12-05T00:00:00,0.75,2017,128,0.0319999977946281,46.3,0.0753999,pm25
98,10.6,0.0,2017-01-30T00:00:00,0.0,2017,99,0.0396000035107136,35.1,0.1141,pm25
91,11.1,0.0,2017-01-03T00:00:00,0.0,2017,55,0.0368000008165836,14.0,0.0306,pm25
95,11.1,0.0,2017-01-02T00:00:00,0.0,2017,76,0.0281000025570393,24.1,0.0442,pm25
94,11.1,0.0,2017-01-01T00:00:00,0.0,2017,71,0.035800002515316,21.8,0.028,pm25
97,11.6,2.1,2017-01-07T00:00:00,0.0,2017,64,0.0226000025868416,18.5,0.0144,pm25
96,11.6,3.1,2017-01-04T00:00:00,0.0,2017,34,0.0366000048816204,5.6,0.0111,ozone
95,11.6,0.0,2017-01-22T00:00:00,0.0,2017,49,0.0408999919891357,11.8,0.0079,pm25
93,11.6,0.0,2017-01-20T00:00:00,0.0,2017,55,0.0416000038385391,13.9,0.0245,pm25
95,11.6,0.0,2017-01-23T00:00:00,0.0,2017,72,0.0403999909758568,22.1,0.0339,pm25
96,12.1,0.0,2017-03-06T00:00:00,0.0,2017,50,0.04789999127388,11.9,0.0395,pm25
94,12.1,0.0,2017-02-26T00:00:00,0.0,2017,79,0.0508999936282635,25.2,0.0246,pm25
92,12.6,0.0,2017-02-28T00:00:00,0.0,2017,60,0.0466999933123589,16.6,0.0417,pm25
93,12.6,0.0,2017-02-27T00:00:00,0.0,2017,69,0.0451999939978123,20.7,0.0201,pm25
96,12.6,0.0,2017-03-03T00:00:00,0.0,2017,74,0.0526999942958355,23.1,0.0467,pm25
98,13.1,0.0,2017-02-13T00:00:00,0.0,2017,72,0.0378999933600426,22.3,0.0828,pm25
96,13.1,2.1,2017-02-17T00:00:00,0.0,2017,42,0.042600005865097,10.0,0.0082,pm25
97,13.6,0.0,2017-02-15T00:00:00,0.0,2017,84,0.0458999909460545,28.0,0.0525,pm25
92,13.6,0.0,2017-02-23T00:00:00,0.0,2017,40,0.0428999923169613,8.8,0.0154,ozone
94,13.6,0.0,2017-02-19T00:00:00,0.0,2017,46,0.0439999997615814,11.0,0.0061,pm25
98,14.1,0.0,2017-12-04T00:00:00,0.75,2017,94,0.0288999937474728,32.6,0.0656,pm25
96,15.1,0.0,2017-03-30T00:00:00,0.25,2017,58,0.0501999966800213,15.3,0.0157,pm25
94,15.1,1.5,2017-03-24T00:00:00,0.25,2017,71,0.044999998062849,21.7,0.0108,pm25
98,15.1,0.0,2017-03-26T00:00:00,0.25,2017,67,0.0493999905884266,19.5,0.02,pm25
95,15.1,0.0,2017-03-28T00:00:00,0.25,2017,52,0.0459999963641167,12.6,0.0366,pm25
80,16.2,0.0,2017-05-15T00:00:00,0.25,2017,57,0.0453999936580658,15.0,0.0078,pm25
94,16.2,0.0,2017-11-21T00:00:00,0.75,2017,103,0.0521000027656555,36.4,0.0705,pm25
97,16.2,0.0,2017-11-23T00:00:00,0.75,2017,109,0.0582999996840954,38.8,0.043,pm25
99,16.2,0.0,2017-11-25T00:00:00,0.75,2017,121,0.0453999936580658,43.8,0.0522,pm25
91,17.2,1.5,2017-11-10T00:00:00,0.75,2017,52,0.0406000055372715,12.8,0.0187,pm25
86,17.2,0.0,2017-05-01T00:00:00,0.25,2017,109,0.073199987411499,24.7,0.0222,ozone
93,17.2,5.1,2017-04-27T00:00:00,0.25,2017,66,0.0594999976456165,10.1,0.006,ozone
86,18.2,0.0,2017-05-02T00:00:00,0.25,2017,201,0.0857999920845032,16.7,0.0437,ozone
83,18.2,0.0,2017-10-06T00:00:00,0.75,2017,90,0.0667999982833862,21.0,0.0468,ozone
69,18.2,0.0,2017-05-20T00:00:00,0.25,2017,111,0.0737999677658081,19.7,0.0172,ozone
93,20.2,0.0,2017-10-01T00:00:00,0.75,2017,60,0.0531999953091145,16.2,0.0139,pm25
77,20.2,0.0,2017-06-03T00:00:00,0.25,2017,150,0.0849999785423279,17.9,0.0124,ozone
88,20.2,0.0,2017-05-03T00:00:00,0.25,2017,146,0.0839999914169312,27.3,0.0507,ozone
79,25.2,0.0,2017-08-22T00:00:00,1.0,2017,93,0.067799985408783,25.7,0.0125,ozone
74,25.2,0.0,2017-08-14T00:00:00,1.0,2017,65,0.037600003182888,18.7,0.01,pm25
75,25.2,1.5,2017-08-17T00:00:00,1.0,2017,103,0.0716999769210815,28.1,0.0128,ozone
74,25.2,2.1,2017-08-21T00:00:00,1.0,2017,77,0.0568999908864498,24.7,0.011,pm25
76,26.2,1.5,2017-06-28T00:00:00,1.0,2017,63,0.0586000047624111,13.5,0.0109,ozone
61,26.2,0.0,2017-07-29T00:00:00,1.0,2017,201,0.087399959564209,22.3,0.013,ozone
62,27.2,2.1,2017-06-26T00:00:00,1.0,2017,48,0.052300002425909,10.5,0.0075,ozone
59,28.2,0.0,2017-07-19T00:00:00,1.0,2017,105,0.0670999884605408,37.2,0.0142,pm25
86,16.7,4.1,2017-04-25T00:00:00,0.25,2017,60,0.0576999932527542,10.4,0.0049,ozone
84,16.7,0.0,2017-10-13T00:00:00,0.75,2017,96,0.064300000667572,33.4,0.0625,pm25
60,16.7,3.1,2017-11-16T00:00:00,0.75,2017,59,0.038100004196167,16.1,0.019,pm25
84,16.7,0.0,2017-10-16T00:00:00,0.75,2017,120,0.0764999985694885,40.9,0.0789,ozone
84,16.7,3.6,2017-04-24T00:00:00,0.25,2017,45,0.0458999909460545,10.9,0.0071,pm25
93,17.7,0.0,2017-10-20T00:00:00,0.75,2017,51,0.0423999913036823,12.2,0.0096,pm25
92,18.7,0.0,2017-10-26T00:00:00,0.75,2017,129,0.0789999961853027,29.7,0.0462,ozone
97,18.7,0.0,2017-10-30T00:00:00,0.75,2017,111,0.0658999681472778,39.4,0.0391,pm25
72,19.7,2.1,2017-05-30T00:00:00,0.25,2017,55,0.054699994623661,14.0,0.0085,pm25
79,19.7,0.0,2017-09-28T00:00:00,0.75,2017,116,0.0753999352455139,17.9,0.0366,ozone
75,19.7,0.0,2017-05-24T00:00:00,0.25,2017,147,0.0840999484062195,23.6,0.0192,ozone
75,20.7,0.0,2017-05-06T00:00:00,0.25,2017,49,0.047800000756979,11.7,0.0332,pm25
74,21.7,0.0,2017-06-17T00:00:00,0.25,2017,134,0.080299973487854,18.9,0.0144,ozone
38,24.7,1.5,2017-07-18T00:00:00,1.0,2017,143,0.0646999478340149,52.4,0.0124,pm25
77,25.7,0.0,2017-08-28T00:00:00,1.0,2017,78,0.138399958610535,25.0,0.0254,pm25
72,25.7,1.5,2017-06-29T00:00:00,1.0,2017,65,0.0591999962925911,17.1,0.0165,ozone
83,25.7,0.0,2017-08-12T00:00:00,1.0,2017,140,0.082099974155426,22.7,0.0138,ozone
53,26.7,0.0,2017-08-04T00:00:00,1.0,2017,73,0.0616000033915043,20.3,0.0249,ozone
69,26.7,0.0,2017-08-02T00:00:00,1.0,2017,201,0.0871999859809875,28.0,0.0173,ozone
74,27.7,2.1,2017-09-07T00:00:00,1.0,2017,74,0.061999998986721,19.6,0.0084,ozone
96,8.2,0.0,2017-12-17T00:00:00,0.75,2017,149,0.0378000028431416,54.8,0.1055,pm25
98,8.7,0.0,2017-12-22T00:00:00,0.0,2017,126,0.0303000025451183,45.6,0.0834,pm25
98,9.7,0.0,2017-12-06T00:00:00,0.75,2017,94,0.0339999981224537,32.6,0.0933,pm25
88,9.7,0.0,2017-12-24T00:00:00,0.0,2017,161,0.0338000021874905,75.0,0.0425,pm25
95,9.7,0.0,2017-12-31T00:00:00,0.0,2017,168,0.0488999933004379,89.3,0.0523,pm25
97,11.2,0.0,2017-02-01T00:00:00,0.0,2017,107,0.0433999933302402,37.8,0.1083,pm25
83,11.7,0.0,2017-01-15T00:00:00,0.0,2017,56,0.0238000005483627,14.7,0.007,pm25
95,11.7,0.0,2017-01-19T00:00:00,0.0,2017,39,0.0421000048518181,8.6,0.0433,ozone
95,11.7,0.0,2017-01-16T00:00:00,0.0,2017,122,0.026199996471405,44.0,0.048,pm25
95,12.2,0.0,2017-02-25T00:00:00,0.0,2017,72,0.0471999943256378,22.2,0.0439,pm25
97,12.2,0.0,2017-02-05T00:00:00,0.0,2017,56,0.035300001502037,14.7,0.0313,pm25
98,12.2,0.0,2017-01-13T00:00:00,0.0,2017,50,0.0276999957859516,11.9,0.0071,pm25
97,12.7,0.0,2017-03-08T00:00:00,0.0,2017,74,0.0461999960243702,23.2,0.0427,pm25
93,12.7,0.0,2017-03-05T00:00:00,0.0,2017,65,0.0466000027954578,18.7,0.0391,pm25
96,13.2,0.0,2017-01-09T00:00:00,0.0,2017,54,0.0303999930620193,13.3,0.0097,pm25
97,13.7,0.0,2017-02-10T00:00:00,0.0,2017,51,0.0364999994635582,12.3,0.0694,pm25
91,13.7,0.0,2017-02-18T00:00:00,0.0,2017,53,0.0496000051498413,13.2,0.0105,pm25
94,13.7,0.0,2017-02-11T00:00:00,0.0,2017,59,0.0321000032126904,16.1,0.0148,pm25
97,15.2,0.0,2017-03-25T00:00:00,0.25,2017,60,0.0459999963641167,16.5,0.016,pm25
98,15.2,0.0,2017-03-13T00:00:00,0.0,2017,100,0.0707999467849731,24.9,0.0379,ozone
90,15.7,0.0,2017-04-02T00:00:00,0.25,2017,78,0.0632999539375305,14.5,0.0185,ozone
97,15.7,0.0,2017-04-03T00:00:00,0.25,2017,58,0.0556000024080276,15.5,0.0374,pm25
80,15.7,0.0,2017-04-04T00:00:00,0.25,2017,88,0.0661999583244324,15.2,0.0301,ozone
85,15.7,0.0,2017-03-15T00:00:00,0.0,2017,78,0.0631999969482422,19.7,0.0416,ozone
95,16.4,0.0,2017-11-14T00:00:00,0.75,2017,71,0.0362999998033047,21.5,0.0587,pm25
97,16.4,0.0,2017-11-13T00:00:00,0.75,2017,71,0.0466999933123589,21.5,0.0549,pm25
76,17.4,0.0,2017-10-12T00:00:00,0.75,2017,114,0.0556000024080276,40.7,0.033,pm25
95,17.4,0.0,2017-11-06T00:00:00,0.75,2017,74,0.0436999946832657,23.2,0.0579,pm25
84,18.4,0.0,2017-10-07T00:00:00,0.75,2017,201,0.0859999656677246,24.3,0.034,ozone
94,18.4,0.0,2017-10-25T00:00:00,0.75,2017,129,0.0788999795913696,22.6,0.0312,ozone
84,18.4,0.0,2017-10-08T00:00:00,0.75,2017,74,0.0621000044047832,19.6,0.028,ozone
83,19.4,1.5,2017-05-28T00:00:00,0.25,2017,66,0.0594999976456165,12.5,0.0085,ozone
66,19.4,3.6,2017-05-12T00:00:00,0.25,2017,44,0.0474999994039536,9.6,0.0038,ozone
86,19.4,0.0,2017-05-26T00:00:00,0.25,2017,73,0.0466999933123589,22.7,0.0172,pm25
95,19.4,0.0,2017-05-07T00:00:00,0.25,2017,68,0.0538999922573566,20.3,0.0427,pm25
86,19.4,0.0,2017-05-09T00:00:00,0.25,2017,123,0.0773999691009521,18.4,0.0207,ozone
81,19.4,0.0,2017-05-10T00:00:00,0.25,2017,128,0.0786999464035034,18.8,0.0086,ozone
82,21.4,0.0,2017-09-20T00:00:00,1.0,2017,53,0.0383999906480312,12.9,0.0206,pm25
88,23.4,0.0,2017-09-16T00:00:00,1.0,2017,85,0.0653999447822571,19.9,0.0173,ozone
78,25.4,0.0,2017-08-26T00:00:00,1.0,2017,200,0.103599965572357,21.2,0.0222,ozone
63,25.4,1.5,2017-07-21T00:00:00,1.0,2017,91,0.0611999966204166,31.0,0.0149,pm25
86,25.4,0.0,2017-09-10T00:00:00,1.0,2017,125,0.0777999758720398,21.7,0.0156,ozone
60,25.4,1.5,2017-07-04T00:00:00,1.0,2017,201,0.0884999632835388,85.0,0.0121,ozone
76,25.4,1.5,2017-07-03T00:00:00,1.0,2017,145,0.0834999680519104,22.5,0.0161,ozone
62,25.4,2.6,2017-07-01T00:00:00,1.0,2017,87,0.0659999847412109,15.1,0.0079,ozone
73,26.4,0.0,2017-08-05T00:00:00,1.0,2017,147,0.0841999650001526,25.6,0.0151,ozone
52,26.4,0.0,2017-08-01T00:00:00,1.0,2017,71,0.109299957752228,21.5,0.0209,pm25
66,27.4,1.5,2017-06-21T00:00:00,1.0,2017,145,0.0836999416351318,24.8,0.0146,ozone
97,16.9,1.5,2017-11-17T00:00:00,0.75,2017,51,0.038699995726347,12.1,0.0185,pm25
87,16.9,0.0,2017-10-18T00:00:00,0.75,2017,201,0.0892999768257141,46.1,0.0707,ozone
68,16.9,1.5,2017-04-23T00:00:00,0.25,2017,60,0.0578000023961067,9.0,0.0032,ozone
96,16.9,0.0,2017-04-22T00:00:00,0.25,2017,115,0.0748999714851379,19.5,0.0187,ozone
82,16.9,0.0,2017-04-30T00:00:00,0.25,2017,99,0.0702999830245972,11.3,0.0175,ozone
81,17.9,0.0,2017-04-06T00:00:00,0.25,2017,66,0.0573999918997288,19.4,0.0312,pm25
82,17.9,0.0,2017-10-10T00:00:00,0.75,2017,83,0.0596000030636787,27.2,0.0711,pm25
92,18.9,0.0,2017-10-28T00:00:00,0.75,2017,201,0.0900999903678894,21.6,0.0471,ozone
71,18.9,0.0,2017-10-03T00:00:00,0.75,2017,56,0.0493000000715256,14.4,0.0334,pm25
80,19.9,0.0,2017-06-02T00:00:00,0.25,2017,80,0.0637999773025513,12.3,0.0125,ozone
45,19.9,0.0,2017-06-05T00:00:00,0.25,2017,53,0.0553000010550022,13.1,0.0141,pm25
65,20.9,0.0,2017-06-16T00:00:00,0.25,2017,145,0.0834999680519104,16.0,0.0107,ozone
81,22.9,0.0,2017-09-17T00:00:00,1.0,2017,93,0.067799985408783,26.3,0.0132,ozone
73,24.9,0.0,2017-07-14T00:00:00,1.0,2017,135,0.0807999968528748,21.1,0.019,ozone
80,24.9,1.5,2017-08-16T00:00:00,1.0,2017,80,0.0591000057756901,25.8,0.0191,pm25
68,24.9,0.0,2017-07-13T00:00:00,1.0,2017,132,0.0798999667167664,22.0,0.0194,ozone
67,24.9,0.0,2017-07-16T00:00:00,1.0,2017,145,0.0834999680519104,17.3,0.0138,ozone
84,24.9,1.5,2017-09-13T00:00:00,1.0,2017,72,0.0613999925553799,14.1,0.0127,ozone
66,24.9,0.0,2017-07-12T00:00:00,1.0,2017,113,0.0744999647140503,17.7,0.0155,ozone
82,25.9,1.5,2017-08-10T00:00:00,1.0,2017,108,0.0728999376296997,21.8,0.0106,ozone
79,25.9,0.0,2017-07-23T00:00:00,1.0,2017,200,0.104599952697754,19.8,0.0164,ozone
75,25.9,0.0,2017-08-09T00:00:00,1.0,2017,103,0.0715999603271484,24.8,0.0133,ozone
72,25.9,0.0,2017-08-29T00:00:00,1.0,2017,200,0.103299975395203,30.9,0.0424,ozone
87,26.9,1.5,2017-09-08T00:00:00,1.0,2017,77,0.061999998986721,24.5,0.0102,pm25
50,26.9,0.0,2017-08-03T00:00:00,1.0,2017,200,0.100799977779388,24.4,0.0217,ozone
94,16.1,0.0,2017-04-16T00:00:00,0.25,2017,64,0.0589999966323376,16.2,0.013,ozone
87,16.1,0.0,2017-04-11T00:00:00,0.25,2017,85,0.0652999877929688,28.2,0.0208,pm25
96,16.1,0.0,2017-11-20T00:00:00,0.75,2017,97,0.0476999953389168,34.0,0.0471,pm25
98,16.1,0.0,2017-11-22T00:00:00,0.75,2017,134,0.0626999735832214,48.8,0.0827,pm25
93,16.1,0.0,2017-04-08T00:00:00,0.25,2017,54,0.0499999970197678,13.3,0.0091,pm25
91,16.1,0.0,2017-04-15T00:00:00,0.25,2017,70,0.0608000010251999,12.1,0.0292,ozone
76,18.1,0.0,2017-10-04T00:00:00,0.75,2017,72,0.0581000037491322,22.0,0.0492,pm25
96,18.1,0.0,2017-11-01T00:00:00,0.75,2017,87,0.0541000030934811,29.0,0.0325,pm25
77,18.1,0.0,2017-10-09T00:00:00,0.75,2017,92,0.0533000007271767,31.5,0.0309,pm25
95,18.1,0.0,2017-11-04T00:00:00,0.75,2017,61,0.0389999970793724,17.0,0.017,pm25
95,18.1,0.0,2017-10-24T00:00:00,0.75,2017,126,0.0780999660491943,30.4,0.0554,ozone
85,19.1,1.5,2017-05-27T00:00:00,0.25,2017,57,0.0558000020682812,14.8,0.0091,pm25
78,19.1,0.0,2017-09-27T00:00:00,0.75,2017,113,0.0742999911308289,17.2,0.0407,ozone
71,19.1,0.0,2017-05-22T00:00:00,0.25,2017,118,0.0758999586105347,21.9,0.0288,ozone
47,20.1,2.1,2017-06-04T00:00:00,0.25,2017,92,0.0673999786376953,10.9,0.0073,ozone
71,21.1,3.1,2017-05-05T00:00:00,0.25,2017,53,0.0423000007867813,13.1,0.0374,pm25
94,21.1,1.5,2017-09-21T00:00:00,1.0,2017,46,0.0428000018000603,11.0,0.012,pm25
85,21.1,0.0,2017-05-04T00:00:00,0.25,2017,148,0.0844999551773071,28.1,0.048,ozone
85,25.1,1.5,2017-08-15T00:00:00,1.0,2017,71,0.0476999953389168,21.6,0.0076,pm25
66,25.1,0.0,2017-07-11T00:00:00,1.0,2017,124,0.0776999592781067,22.9,0.017,ozone
73,25.1,0.0,2017-07-10T00:00:00,1.0,2017,201,0.0883999466896057,31.2,0.0194,ozone
52,25.1,0.0,2017-07-09T00:00:00,1.0,2017,112,0.0741999745368958,18.9,0.013,ozone
56,26.1,0.0,2017-08-07T00:00:00,1.0,2017,95,0.068399965763092,20.4,0.0109,ozone
73,27.1,0.0,2017-09-01T00:00:00,1.0,2017,201,0.0922999978065491,31.3,0.0259,ozone
68,27.1,0.0,2017-08-31T00:00:00,1.0,2017,200,0.0983999371528625,30.4,0.0279,ozone
90,6.9,0.0,2017-12-19T00:00:00,0.75,2017,109,0.0366999953985214,38.7,0.1263,pm25
90,7.4,0.0,2017-12-18T00:00:00,0.75,2017,99,0.0339999981224537,35.0,0.0958999,pm25
94,8.8,0.0,2017-12-08T00:00:00,0.75,2017,138,0.0393999926745892,50.6,0.0919,pm25
98,9.3,0.0,2017-12-28T00:00:00,0.0,2017,160,0.0463999919593334,72.4,0.0943,pm25
97,10.3,0.0,2017-01-28T00:00:00,0.0,2017,94,0.0406999960541725,32.7,0.0951999,pm25
98,10.8,0.0,2017-01-31T00:00:00,0.0,2017,127,0.045499999076128,46.1,0.1027,pm25
96,11.3,1.5,2017-01-21T00:00:00,0.0,2017,50,0.0423999913036823,11.9,0.0149,pm25
97,11.3,0.0,2017-01-24T00:00:00,0.0,2017,65,0.0416000038385391,18.8,0.0588,pm25
98,11.3,0.0,2017-01-17T00:00:00,0.0,2017,106,0.0196999944746494,37.6,0.0929,pm25
97,11.8,0.0,2017-01-14T00:00:00,0.0,2017,66,0.0266999937593937,19.2,0.0175,pm25
96,12.3,0.0,2017-03-01T00:00:00,0.0,2017,60,0.0468000024557114,16.6,0.0734,pm25
93,12.3,0.0,2017-03-07T00:00:00,0.0,2017,59,0.0514999963343143,15.8,0.0249,pm25
96,12.8,0.0,2017-01-08T00:00:00,0.0,2017,48,0.0234999991953373,11.6,0.0095,pm25
96,12.8,0.0,2017-01-12T00:00:00,0.0,2017,55,0.0361999943852425,13.9,0.0342,pm25
96,13.3,0.0,2017-03-09T00:00:00,0.0,2017,74,0.0613000020384789,23.1,0.0425,pm25
97,13.3,0.0,2017-02-12T00:00:00,0.0,2017,62,0.037600003182888,17.5,0.037,pm25
97,13.8,0.0,2017-03-10T00:00:00,0.0,2017,86,0.0501999966800213,28.9,0.0337,pm25
96,13.8,0.0,2017-02-09T00:00:00,0.0,2017,59,0.0106999985873699,16.0,0.0287,pm25
95,13.8,1.5,2017-02-08T00:00:00,0.0,2017,52,0.0233999937772751,12.5,0.0127,pm25
99,14.3,0.0,2017-03-11T00:00:00,0.0,2017,102,0.0591999962925911,35.9,0.0305,pm25
99,14.3,0.0,2017-12-02T00:00:00,0.75,2017,160,0.0411999933421612,72.6,0.0707,pm25
99,14.8,0.0,2017-03-12T00:00:00,0.0,2017,96,0.0601000040769577,33.4,0.0298,pm25
90,15.3,0.0,2017-04-01T00:00:00,0.25,2017,76,0.0627999901771545,15.1,0.0246,ozone
95,15.3,0.0,2017-03-29T00:00:00,0.25,2017,75,0.0623000003397465,13.7,0.0292,ozone
94,15.3,1.5,2017-03-27T00:00:00,0.25,2017,41,0.0438000001013279,7.9,0.0079,ozone
98,15.3,0.0,2017-11-29T00:00:00,0.75,2017,101,0.0362999998033047,35.6,0.0653999,pm25
88,15.8,0.0,2017-03-20T00:00:00,0.25,2017,63,0.0496000051498413,18.0,0.0186,pm25
90,15.8,0.0,2017-03-22T00:00:00,0.25,2017,51,0.0393999926745892,12.2,0.0174,pm25
93,16.6,0.0,2017-04-21T00:00:00,0.25,2017,100,0.0706999897956848,14.8,0.0241,ozone
82,16.6,2.1,2017-04-12T00:00:00,0.25,2017,74,0.0471999943256378,23.1,0.0098,pm25
94,16.6,0.0,2017-04-17T00:00:00,0.25,2017,58,0.0479999966919422,15.2,0.0111,pm25
98,16.6,0.0,2017-04-19T00:00:00,0.25,2017,50,0.0548000000417233,11.4,0.0196,ozone
98,16.6,0.0,2017-11-18T00:00:00,0.75,2017,103,0.0393000021576881,36.4,0.0508,pm25
83,16.6,0.0,2017-11-08T00:00:00,0.75,2017,63,0.04789999127388,17.8,0.0347,pm25
97,17.6,0.0,2017-10-22T00:00:00,0.75,2017,73,0.05460000410676,22.5,0.043,pm25
91,18.6,0.0,2017-10-31T00:00:00,0.75,2017,71,0.0426999963819981,21.8,0.0365,pm25
83,19.6,2.1,2017-06-01T00:00:00,0.25,2017,47,0.0503999926149845,8.3,0.0098,ozone
76,19.6,0.0,2017-05-23T00:00:00,0.25,2017,200,0.0981999635696411,20.6,0.0226,ozone
80,19.6,0.0,2017-05-25T00:00:00,0.25,2017,73,0.0616000033915043,12.6,0.0099,ozone
84,19.6,1.5,2017-05-29T00:00:00,0.25,2017,68,0.0601000040769577,20.0,0.0093,pm25
79,19.6,0.0,2017-05-31T00:00:00,0.25,2017,47,0.0503999926149845,10.2,0.0101,ozone
88,24.6,1.5,2017-09-14T00:00:00,1.0,2017,93,0.067799985408783,15.8,0.0097,ozone
74,25.6,1.5,2017-07-25T00:00:00,1.0,2017,89,0.0664999485015869,25.8,0.0131,ozone
79,25.6,0.0,2017-08-19T00:00:00,1.0,2017,141,0.0823999643325806,28.6,0.0135,ozone
75,25.6,0.0,2017-08-20T00:00:00,1.0,2017,110,0.073699951171875,28.8,0.0086,ozone
62,25.6,1.5,2017-06-30T00:00:00,1.0,2017,96,0.0686999559402466,20.5,0.0142,ozone
54,25.6,0.0,2017-07-27T00:00:00,1.0,2017,123,0.0771999955177307,25.4,0.0145,ozone
66,25.6,0.0,2017-07-22T00:00:00,1.0,2017,119,0.0760999917984009,22.8,0.0162,ozone
79,26.6,1.5,2017-06-27T00:00:00,1.0,2017,81,0.064300000667572,13.7,0.007,ozone
64,27.6,1.5,2017-06-24T00:00:00,1.0,2017,201,0.09579998254776,24.0,0.0101,ozone
70,28.6,1.5,2017-09-04T00:00:00,1.0,2017,97,0.0691999793052673,33.4,0.0102,ozone
83,16.3,3.1,2017-05-17T00:00:00,0.25,2017,46,0.0499999970197678,10.5,0.0074,ozone
80,16.3,1.5,2017-05-16T00:00:00,0.25,2017,60,0.0507999993860722,16.3,0.0066,pm25
96,16.3,0.0,2017-11-27T00:00:00,0.75,2017,56,0.0452999994158745,14.4,0.0268,pm25
99,16.3,0.0,2017-11-24T00:00:00,0.75,2017,154,0.0441999956965446,61.0,0.0428,pm25
95,16.3,0.0,2017-11-26T00:00:00,0.75,2017,69,0.0366999953985214,20.6,0.016,pm25
88,16.3,3.1,2017-04-14T00:00:00,0.25,2017,47,0.0504999980330467,6.9,0.0083,ozone
89,19.3,0.0,2017-05-08T00:00:00,0.25,2017,94,0.0681999921798706,23.5,0.0449,ozone
62,20.3,2.1,2017-06-15T00:00:00,0.25,2017,65,0.0593000017106533,11.7,0.0142,ozone
77,22.3,0.0,2017-06-18T00:00:00,0.25,2017,134,0.080299973487854,19.3,0.0146,ozone
70,22.3,2.6,2017-09-19T00:00:00,1.0,2017,52,0.0508999936282635,12.4,0.0086,pm25
67,23.3,0.0,2017-06-20T00:00:00,1.0,2017,201,0.0866999626159668,20.5,0.0263,ozone
79,25.3,0.0,2017-07-02T00:00:00,1.0,2017,121,0.0767999887466431,20.1,0.01,ozone
49,25.3,1.5,2017-07-05T00:00:00,1.0,2017,201,0.0919999480247498,32.0,0.01,ozone
73,25.3,1.5,2017-08-23T00:00:00,1.0,2017,201,0.0868999361991882,23.9,0.0168,ozone
74,25.3,0.0,2017-08-25T00:00:00,1.0,2017,201,0.0930999517440796,22.4,0.0223,ozone
53,25.3,1.5,2017-07-07T00:00:00,1.0,2017,201,0.090999960899353,36.7,0.0164,ozone
64,25.3,0.0,2017-08-24T00:00:00,1.0,2017,201,0.0906999707221985,26.7,0.0183,ozone
52,25.3,1.5,2017-07-06T00:00:00,1.0,2017,201,0.092199981212616,22.2,0.0111,ozone
54,25.3,0.0,2017-07-08T00:00:00,1.0,2017,142,0.0827999711036682,21.7,0.0168,ozone
77,26.3,0.0,2017-08-06T00:00:00,1.0,2017,73,0.0576000027358532,22.6,0.0112,pm25
55,26.3,1.5,2017-07-31T00:00:00,1.0,2017,124,0.0776000022888184,20.3,0.0145,ozone
76,26.3,0.0,2017-07-30T00:00:00,1.0,2017,131,0.0796999931335449,23.2,0.0126,ozone
98,7.2,0.0,2017-12-13T00:00:00,0.75,2017,160,0.0439999997615814,72.1,0.1155,pm25
97,8.4,0.0,2017-12-16T00:00:00,0.75,2017,163,0.0298999920487404,78.4,0.0649,pm25
98,9.4,0.0,2017-12-29T00:00:00,0.0,2017,166,0.0479999966919422,84.4,0.1063,pm25
98,9.4,0.0,2017-12-30T00:00:00,0.0,2017,163,0.0452999994158745,78.9,0.1003,pm25
97,10.4,0.0,2017-01-29T00:00:00,0.0,2017,97,0.0411000028252602,33.9,0.0801,pm25
97,10.9,0.0,2017-01-18T00:00:00,0.0,2017,109,0.0406999960541725,38.7,0.0452,pm25
97,10.9,0.0,2017-01-25T00:00:00,0.0,2017,77,0.0368000008165836,24.4,0.062,pm25
85,11.9,0.0,2017-02-02T00:00:00,0.0,2017,92,0.038199994713068,31.8,0.023,pm25
93,12.4,2.1,2017-02-06T00:00:00,0.0,2017,48,0.0338999927043915,11.5,0.0107,pm25
96,12.4,0.0,2017-03-02T00:00:00,0.0,2017,64,0.0553999915719032,18.2,0.072,pm25
96,12.9,0.0,2017-02-24T00:00:00,0.0,2017,62,0.0441000051796436,17.1,0.0702,pm25
93,12.9,0.0,2017-03-04T00:00:00,0.0,2017,64,0.0591000057756901,18.5,0.0366,pm25
97,12.9,0.0,2017-01-11T00:00:00,0.0,2017,48,0.0371999964118004,11.6,0.0364,pm25
97,13.4,2.1,2017-02-20T00:00:00,0.0,2017,47,0.0388000011444092,11.2,0.005,pm25
86,13.9,2.1,2017-02-21T00:00:00,0.0,2017,51,0.0456999950110912,12.1,0.0081,pm25
98,14.4,0.0,2017-12-03T00:00:00,0.75,2017,158,0.0379999987781048,69.0,0.0411,pm25
99,14.9,0.0,2017-11-30T00:00:00,0.75,2017,129,0.0371999964118004,47.0,0.0782,pm25
94,15.4,0.0,2017-03-23T00:00:00,0.25,2017,58,0.048399992287159,15.4,0.0177,pm25
93,15.9,0.0,2017-04-05T00:00:00,0.25,2017,111,0.0738999843597412,20.5,0.0534,ozone
93,15.9,0.0,2017-03-19T00:00:00,0.0,2017,79,0.0581999942660332,25.6,0.0175,pm25
98,15.9,0.0,2017-03-17T00:00:00,0.0,2017,73,0.0616999939084053,21.4,0.0428,ozone
92,15.9,0.0,2017-04-10T00:00:00,0.25,2017,54,0.0559999980032444,11.8,0.0161,ozone
67,15.9,0.0,2017-05-13T00:00:00,0.25,2017,49,0.0527999997138977,7.1,0.0044,ozone
74,15.9,2.1,2017-05-14T00:00:00,0.25,2017,46,0.0498999916017056,10.0,0.0067,ozone
81,16.8,0.0,2017-04-29T00:00:00,0.25,2017,100,0.0705999732017517,18.6,0.0157,ozone
95,16.8,0.0,2017-11-12T00:00:00,0.75,2017,75,0.0436000041663647,23.5,0.054,pm25
96,16.8,0.0,2017-11-07T00:00:00,0.75,2017,77,0.0501999966800213,24.3,0.0872,pm25
94,17.8,0.0,2017-11-02T00:00:00,0.75,2017,95,0.0291999951004982,33.1,0.0557,pm25
82,17.8,0.0,2017-10-05T00:00:00,0.75,2017,92,0.0673999786376953,20.5,0.0563,ozone
95,17.8,0.0,2017-10-23T00:00:00,0.75,2017,81,0.064300000667572,20.0,0.0471,ozone
88,17.8,0.0,2017-11-03T00:00:00,0.75,2017,79,0.0433000028133392,25.5,0.0189,pm25
77,18.8,0.0,2017-05-21T00:00:00,0.25,2017,130,0.0792999863624573,16.5,0.0114,ozone
92,18.8,0.0,2017-10-27T00:00:00,0.75,2017,201,0.0882999897003174,25.4,0.0459,ozone
94,18.8,0.0,2017-10-29T00:00:00,0.75,2017,121,0.07669997215271,31.7,0.0264,ozone
74,19.8,0.0,2017-10-02T00:00:00,0.75,2017,58,0.0571999959647655,15.4,0.0302,pm25
90,20.8,0.0,2017-09-22T00:00:00,0.75,2017,69,0.0223000012338161,20.6,0.0323,pm25
71,23.8,1.5,2017-09-15T00:00:00,1.0,2017,56,0.0511999949812889,14.4,0.0118,pm25
78,24.8,0.0,2017-07-15T00:00:00,1.0,2017,100,0.0705999732017517,16.4,0.0151,ozone
76,24.8,0.0,2017-07-17T00:00:00,1.0,2017,130,0.0793999433517456,22.8,0.0333,ozone
85,24.8,0.0,2017-09-11T00:00:00,1.0,2017,108,0.0728999376296997,33.9,0.031,ozone
47,25.8,0.0,2017-08-30T00:00:00,1.0,2017,200,0.0999999642372131,26.1,0.0202,ozone
87,25.8,1.5,2017-08-11T00:00:00,1.0,2017,114,0.0745999813079834,24.4,0.017,ozone
57,25.8,1.5,2017-07-20T00:00:00,1.0,2017,97,0.0664999485015869,34.0,0.0133,pm25
63,27.8,1.5,2017-06-23T00:00:00,1.0,2017,200,0.103499948978424,24.6,0.0182,ozone
69,28.8,1.5,2017-09-03T00:00:00,1.0,2017,201,0.0889999866485596,55.9,0.0143,ozone
71,28.8,0.0,2017-09-02T00:00:00,1.0,2017,200,0.0981999635696411,42.4,0.0186,ozone
88,10.5,0.0,2018-02-14T00:00:00,0.0,2018,58,0.0401999950408936,15.6,0.0484,pm25
98,10.5,0.0,2018-01-21T00:00:00,0.0,2018,106,0.035300001502037,37.6,0.0534,pm25
100,11.0,0.0,2018-12-31T00:00:00,0.0,2018,168,0.0276000052690506,88.5,0.0648,pm25
98,11.0,0.0,2018-01-23T00:00:00,0.0,2018,68,0.0291999951004982,20.3,0.0307,pm25
99,11.5,0.0,2018-01-13T00:00:00,0.0,2018,67,0.0204999968409538,19.5,0.0171,pm25
99,11.5,0.0,2018-01-05T00:00:00,0.0,2018,86,0.0318000018596649,28.7,0.0507,pm25
99,11.5,0.0,2018-02-05T00:00:00,0.0,2018,130,0.04789999127388,47.1,0.0696999,pm25
87,12.0,0.0,2018-02-11T00:00:00,0.0,2018,64,0.0452999994158745,18.3,0.0328,pm25
98,12.0,0.0,2018-03-18T00:00:00,0.0,2018,41,0.0438999906182289,9.7,0.0183,ozone
95,12.0,0.0,2018-02-09T00:00:00,0.0,2018,104,0.0603999905288219,36.6,0.0635,pm25
100,13.0,0.0,2018-12-14T00:00:00,0.75,2018,97,0.0148999989032745,33.9,0.1047,pm25
83,14.0,1.5,2018-03-23T00:00:00,0.25,2018,44,0.0476999953389168,7.6,0.0136,ozone
100,14.5,0.0,2018-12-02T00:00:00,0.75,2018,81,0.0339999981224537,26.4,0.0458,pm25
96,15.0,0.0,2018-11-18T00:00:00,0.75,2018,163,0.0735999941825867,79.1,0.0592,pm25
100,15.5,0.0,2018-11-27T00:00:00,0.75,2018,104,0.0324999988079071,36.9,0.0739,pm25
100,15.5,0.0,2018-11-28T00:00:00,0.75,2018,95,0.0278999917209148,33.1,0.0127,pm25
95,15.5,0.0,2018-04-16T00:00:00,0.25,2018,45,0.0464999973773956,10.9,0.0114,pm25
87,16.0,0.0,2018-11-13T00:00:00,0.75,2018,90,0.0443999916315079,30.6,0.0771,pm25
98,16.0,0.0,2018-04-23T00:00:00,0.25,2018,84,0.0649999976158142,20.1,0.0279,ozone
84,16.0,0.0,2018-05-01T00:00:00,0.25,2018,56,0.0466999933123589,14.5,0.0093,pm25
89,18.0,0.0,2018-11-08T00:00:00,0.75,2018,69,0.0471000038087368,20.8,0.0441,pm25
100,18.0,0.0,2018-04-01T00:00:00,0.25,2018,56,0.0549999997019768,14.5,0.0164,pm25
87,20.0,0.0,2018-10-21T00:00:00,0.75,2018,133,0.0800999999046326,19.6,0.0357,ozone
84,20.0,0.0,2018-10-20T00:00:00,0.75,2018,145,0.0835999846458435,25.2,0.0496,ozone
80,21.0,1.5,2018-05-15T00:00:00,0.25,2018,58,0.056999996304512,15.0,0.0066,ozone
66,21.0,2.1,2018-05-25T00:00:00,0.25,2018,38,0.040999997407198,8.9,0.006,ozone
76,21.0,2.1,2018-05-16T00:00:00,0.25,2018,43,0.0463999919593334,9.5,0.006,ozone
75,22.0,3.1,2018-05-31T00:00:00,0.25,2018,49,0.0526000037789345,10.0,0.0061,ozone
81,22.0,0.0,2018-06-03T00:00:00,0.25,2018,138,0.0815999507904053,21.2,0.0177,ozone
88,22.0,0.0,2018-06-12T00:00:00,0.25,2018,125,0.0779999494552612,18.1,0.0192,ozone
86,23.0,0.0,2018-09-21T00:00:00,1.0,2018,201,0.096299946308136,18.5,0.0359,ozone
77,23.0,0.0,2018-09-23T00:00:00,0.75,2018,139,0.0819999575614929,18.6,0.0133,ozone
84,23.0,0.0,2018-09-22T00:00:00,0.75,2018,200,0.0995999574661255,19.5,0.0217,ozone
77,24.0,2.1,2018-08-30T00:00:00,1.0,2018,70,0.0608000010251999,19.5,0.0087,ozone
77,24.0,0.0,2018-09-07T00:00:00,1.0,2018,201,0.0910999774932861,24.9,0.0281,ozone
77,24.0,1.5,2018-06-28T00:00:00,1.0,2018,79,0.0636999607086182,19.9,0.015,ozone
71,25.0,0.0,2018-07-18T00:00:00,1.0,2018,201,0.0907999873161316,27.3,0.0333,ozone
68,25.0,0.0,2018-08-17T00:00:00,1.0,2018,201,0.0863999724388123,25.4,0.0184,ozone
84,25.0,1.5,2018-08-24T00:00:00,1.0,2018,133,0.0801999568939209,46.3,0.0104,ozone
66,25.0,2.1,2018-07-15T00:00:00,1.0,2018,51,0.0531000047922134,12.1,0.0098,pm25
85,25.0,1.5,2018-08-23T00:00:00,1.0,2018,123,0.0771999955177307,35.0,0.0106,ozone
76,26.0,0.0,2018-08-20T00:00:00,1.0,2018,201,0.0866000056266785,30.2,0.0294,ozone
77,26.0,0.0,2018-08-21T00:00:00,1.0,2018,146,0.083899974822998,31.2,0.0151,ozone
81,26.0,0.0,2018-06-30T00:00:00,1.0,2018,89,0.0666999816894531,16.0,0.0146,ozone
86,17.5,0.0,2018-04-02T00:00:00,0.25,2018,54,0.0419999994337559,13.6,0.0124,pm25
89,18.5,0.0,2018-11-03T00:00:00,0.75,2018,102,0.064799964427948,35.9,0.0354,pm25
73,19.5,1.5,2018-10-29T00:00:00,0.75,2018,43,0.0388999916613102,10.3,0.0152,pm25
95,19.5,0.0,2018-10-27T00:00:00,0.75,2018,143,0.0829999446868896,32.5,0.0508,ozone
93,19.5,0.0,2018-10-28T00:00:00,0.75,2018,107,0.0726999640464783,32.7,0.04,ozone
97,19.5,0.0,2018-10-25T00:00:00,0.75,2018,86,0.0653999447822571,28.6,0.0579,pm25
82,20.5,3.6,2018-05-17T00:00:00,0.25,2018,53,0.055699996650219,11.3,0.0072,ozone
90,20.5,0.0,2018-05-27T00:00:00,0.25,2018,52,0.0491999946534634,12.7,0.016,pm25
86,20.5,2.1,2018-05-18T00:00:00,0.25,2018,52,0.0553000010550022,12.1,0.0103,ozone
82,20.5,0.0,2018-10-17T00:00:00,0.75,2018,96,0.0687999725341797,20.7,0.0435,ozone
83,21.5,0.0,2018-10-09T00:00:00,0.75,2018,94,0.0680999755859375,15.4,0.0304,ozone
94,22.5,1.5,2018-10-04T00:00:00,0.75,2018,57,0.0421999953687191,15.0,0.0145,pm25
78,22.5,1.5,2018-06-20T00:00:00,1.0,2018,97,0.0691999793052673,14.0,0.0132,ozone
95,22.5,1.5,2018-10-05T00:00:00,0.75,2018,87,0.0446000024676323,29.1,0.0139,pm25
57,22.5,1.5,2018-06-21T00:00:00,1.0,2018,98,0.0692999958992004,12.7,0.0099,ozone
58,23.5,2.1,2018-09-12T00:00:00,1.0,2018,56,0.0536000058054924,14.7,0.0136,pm25
77,23.5,0.0,2018-09-09T00:00:00,1.0,2018,127,0.078499972820282,18.4,0.0124,ozone
81,23.5,1.5,2018-06-26T00:00:00,1.0,2018,128,0.0786999464035034,14.3,0.0152,ozone
50,24.5,2.1,2018-07-09T00:00:00,1.0,2018,80,0.0637999773025513,20.4,0.0165,ozone
77,24.5,1.5,2018-09-03T00:00:00,1.0,2018,127,0.0782999992370605,26.8,0.0162,ozone
65,24.5,0.0,2018-07-10T00:00:00,1.0,2018,201,0.0863999724388123,17.1,0.0221,ozone
66,25.5,0.0,2018-08-11T00:00:00,1.0,2018,110,0.0666999816894531,39.0,0.0162,pm25
70,25.5,0.0,2018-08-12T00:00:00,1.0,2018,94,0.0680999755859375,19.9,0.013,ozone
88,9.6,0.0,2018-02-24T00:00:00,0.0,2018,63,0.0411999933421612,17.9,0.0544,pm25
96,9.6,0.0,2018-02-27T00:00:00,0.0,2018,60,0.035300001502037,16.2,0.0422,pm25
98,10.1,0.0,2018-01-27T00:00:00,0.0,2018,84,0.0324999988079071,27.9,0.0613,pm25
98,10.1,0.0,2018-01-22T00:00:00,0.0,2018,90,0.0353999920189381,30.5,0.0508,pm25
97,10.1,0.0,2018-01-29T00:00:00,0.0,2018,92,0.0278000012040138,31.7,0.0738,pm25
99,11.1,0.0,2018-02-01T00:00:00,0.0,2018,152,0.0476999953389168,57.5,0.0662,pm25
99,11.1,0.0,2018-02-02T00:00:00,0.0,2018,144,0.0549999997019768,52.9,0.0568,pm25
100,11.6,0.0,2018-12-29T00:00:00,0.0,2018,133,0.0333999916911125,48.3,0.0583,pm25
99,11.6,0.0,2018-01-12T00:00:00,0.0,2018,87,0.0278999917209148,29.0,0.0643,pm25
99,11.6,0.0,2018-01-17T00:00:00,0.0,2018,110,0.0171000026166439,39.2,0.052,pm25
98,11.6,0.0,2018-02-06T00:00:00,0.0,2018,146,0.0591999962925911,53.7,0.0878,pm25
98,12.1,0.0,2018-03-19T00:00:00,0.0,2018,41,0.0443999916315079,9.0,0.0628,ozone
99,12.1,0.0,2018-01-06T00:00:00,0.0,2018,68,0.0201999954879284,20.1,0.0233,pm25
98,12.1,0.0,2018-01-10T00:00:00,0.0,2018,127,0.0346000045537949,46.2,0.0251,pm25
95,12.1,0.0,2018-02-10T00:00:00,0.0,2018,103,0.0511000044643879,36.3,0.0365,pm25
100,12.6,0.0,2018-12-16T00:00:00,0.75,2018,77,0.0361000038683414,24.5,0.035,pm25
100,12.6,0.0,2018-12-27T00:00:00,0.0,2018,98,0.0179999992251396,34.4,0.0653999,pm25
89,12.6,0.0,2018-03-27T00:00:00,0.25,2018,54,0.0498000010848045,13.5,0.0223,pm25
98,13.1,0.0,2018-03-16T00:00:00,0.0,2018,53,0.0361999943852425,13.2,0.0241,pm25
100,13.1,0.0,2018-12-17T00:00:00,0.75,2018,73,0.0281999967992306,22.6,0.0254,pm25
100,13.1,0.0,2018-12-19T00:00:00,0.75,2018,91,0.0338999927043915,31.2,0.0773,pm25
100,13.1,0.0,2018-12-18T00:00:00,0.75,2018,72,0.0319999977946281,22.1,0.0763,pm25
100,13.1,0.0,2018-12-26T00:00:00,0.0,2018,112,0.0249999985098839,39.8,0.0612,pm25
99,13.1,0.0,2018-03-11T00:00:00,0.0,2018,59,0.0531000047922134,15.8,0.025,pm25
100,13.1,0.0,2018-12-22T00:00:00,0.0,2018,107,0.0201999954879284,37.9,0.0235,pm25
98,13.6,0.0,2018-03-12T00:00:00,0.0,2018,57,0.0434999987483025,15.1,0.0361,pm25
98,13.6,0.0,2018-12-11T00:00:00,0.75,2018,82,0.0226999968290329,26.8,0.0613,pm25
100,13.6,0.0,2018-12-12T00:00:00,0.75,2018,75,0.0258000008761883,23.6,0.0642,pm25
85,13.6,3.1,2018-03-25T00:00:00,0.25,2018,41,0.0444999970495701,6.6,0.0045,ozone
97,13.6,0.0,2018-11-21T00:00:00,0.75,2018,96,0.0373999923467636,33.4,0.0285,pm25
97,14.1,0.0,2018-12-05T00:00:00,0.75,2018,60,0.0301000028848648,16.5,0.0233,pm25
100,14.1,0.0,2018-12-03T00:00:00,0.75,2018,74,0.0338999927043915,22.8,0.0479,pm25
100,14.1,0.0,2018-12-06T00:00:00,0.75,2018,85,0.016499999910593,28.1,0.0499,pm25
98,14.6,0.0,2018-11-23T00:00:00,0.75,2018,91,0.0338000021874905,31.0,0.0193,pm25
82,14.6,0.0,2018-04-19T00:00:00,0.25,2018,44,0.0476000048220158,7.5,0.0191,ozone
92,15.1,0.0,2018-11-17T00:00:00,0.75,2018,162,0.0720999836921692,76.1,0.0584,pm25
89,15.6,0.0,2018-11-15T00:00:00,0.75,2018,158,0.0529999993741512,68.8,0.0743,pm25
95,15.6,0.0,2018-04-22T00:00:00,0.25,2018,84,0.0651999711990356,20.3,0.0146,ozone
98,16.2,0.0,2018-04-09T00:00:00,0.25,2018,64,0.047800000756979,18.5,0.0326,pm25
94,17.2,0.0,2018-11-10T00:00:00,0.75,2018,118,0.0516999959945679,42.6,0.0443,pm25
85,21.2,1.5,2018-05-14T00:00:00,0.25,2018,86,0.055100005120039,28.8,0.009,pm25
90,21.2,0.0,2018-10-11T00:00:00,0.75,2018,61,0.0507999993860722,17.0,0.021,pm25
89,21.2,0.0,2018-06-02T00:00:00,0.25,2018,114,0.0745999813079834,17.6,0.0192,ozone
94,21.2,0.0,2018-10-12T00:00:00,0.75,2018,68,0.0541000030934811,20.1,0.0464,pm25
81,21.2,0.0,2018-05-13T00:00:00,0.25,2018,60,0.0578999929130077,14.5,0.0071,ozone
76,21.2,2.1,2018-05-11T00:00:00,0.25,2018,63,0.0588000006973743,11.8,0.0102,ozone
69,22.2,1.5,2018-06-08T00:00:00,0.25,2018,85,0.0654999613761902,15.1,0.0106,ozone
83,22.2,0.0,2018-09-19T00:00:00,1.0,2018,89,0.0664999485015869,18.4,0.0238,ozone
95,22.2,0.0,2018-10-07T00:00:00,0.75,2018,49,0.0489999987185001,11.7,0.0348,pm25
73,22.2,1.5,2018-06-06T00:00:00,0.25,2018,69,0.0606000050902367,15.0,0.011,ozone
59,22.2,4.6,2018-06-09T00:00:00,0.25,2018,48,0.0514999963343143,9.3,0.0052,ozone
53,22.2,0.0,2018-05-29T00:00:00,0.25,2018,201,0.0864999890327454,17.6,0.0264,ozone
68,22.2,2.1,2018-06-04T00:00:00,0.25,2018,69,0.0606000050902367,12.4,0.0113,ozone
81,22.2,2.1,2018-06-07T00:00:00,0.25,2018,87,0.0658999681472778,13.7,0.0082,ozone
77,23.2,1.5,2018-06-25T00:00:00,1.0,2018,83,0.0648999810218811,14.6,0.01,ozone
82,23.2,2.1,2018-08-31T00:00:00,1.0,2018,97,0.0689999461174011,18.6,0.0102,ozone
78,23.2,0.0,2018-09-01T00:00:00,1.0,2018,87,0.066100001335144,18.3,0.0131,ozone
71,23.2,0.0,2018-06-24T00:00:00,1.0,2018,98,0.0692999958992004,20.0,0.0121,ozone
88,24.2,0.0,2018-08-25T00:00:00,1.0,2018,152,0.0810999870300293,58.4,0.0146,pm25
73,24.2,1.5,2018-08-27T00:00:00,1.0,2018,144,0.0831999778747559,27.9,0.0216,ozone
83,24.2,0.0,2018-08-26T00:00:00,1.0,2018,150,0.0848999619483948,37.0,0.0137,ozone
71,25.2,0.0,2018-07-19T00:00:00,1.0,2018,134,0.0803999900817871,32.2,0.0233,ozone
80,25.2,0.0,2018-08-06T00:00:00,1.0,2018,174,0.0848999619483948,99.5,0.0196,pm25
60,25.2,0.0,2018-07-14T00:00:00,1.0,2018,124,0.0776000022888184,14.7,0.0094,ozone
65,25.2,1.5,2018-07-25T00:00:00,1.0,2018,137,0.0812999606132507,15.8,0.0178,ozone
58,25.2,1.5,2018-07-13T00:00:00,1.0,2018,102,0.0712999701499939,20.2,0.0129,ozone
89,25.2,0.0,2018-08-09T00:00:00,1.0,2018,152,0.121599972248077,57.5,0.0266,pm25
59,25.2,1.5,2018-07-23T00:00:00,1.0,2018,152,0.0678999423980713,58.1,0.0089,pm25
81,26.2,0.0,2018-07-29T00:00:00,1.0,2018,146,0.108599960803986,53.7,0.0163,pm25
80,26.2,0.0,2018-07-30T00:00:00,1.0,2018,161,0.0671999454498291,74.5,0.0286,pm25
75,26.2,0.0,2018-07-31T00:00:00,1.0,2018,160,0.0841999650001526,72.6,0.0228,pm25
72,26.2,0.0,2018-08-03T00:00:00,1.0,2018,156,0.0836999416351318,66.1,0.0228,pm25
97,16.7,0.0,2018-11-11T00:00:00,0.75,2018,153,0.0623999908566475,59.5,0.0579,pm25
74,16.7,0.0,2018-04-25T00:00:00,0.25,2018,143,0.0829999446868896,28.7,0.0175,ozone
86,16.7,1.5,2018-04-06T00:00:00,0.25,2018,53,0.0406000055372715,13.1,0.0088,pm25
71,16.7,2.1,2018-04-27T00:00:00,0.25,2018,48,0.0516999959945679,10.9,0.0072,ozone
73,16.7,1.5,2018-04-05T00:00:00,0.25,2018,54,0.0509999990463257,13.4,0.0151,pm25
99,17.7,0.0,2018-03-31T00:00:00,0.25,2018,73,0.0596000030636787,22.6,0.0221,pm25
87,18.7,0.0,2018-11-01T00:00:00,0.75,2018,67,0.0584999993443489,19.9,0.0577,pm25
97,19.7,0.0,2018-10-24T00:00:00,0.75,2018,84,0.0593999922275543,27.7,0.0369,pm25
83,20.7,1.5,2018-05-21T00:00:00,0.25,2018,53,0.05460000410676,13.2,0.0157,pm25
84,20.7,0.0,2018-05-22T00:00:00,0.25,2018,86,0.0655999779701233,17.0,0.0165,ozone
87,21.7,1.5,2018-06-18T00:00:00,0.25,2018,103,0.0576999932527542,36.2,0.0108,pm25
92,22.7,0.0,2018-09-30T00:00:00,0.75,2018,68,0.0603000000119209,14.2,0.0147,ozone
81,22.7,0.0,2018-09-28T00:00:00,0.75,2018,201,0.0959999561309814,34.0,0.0491,ozone
93,22.7,0.0,2018-10-03T00:00:00,0.75,2018,56,0.0306999944150448,14.3,0.0132,pm25
65,23.7,1.5,2018-06-27T00:00:00,1.0,2018,113,0.0743999481201172,17.7,0.0212,ozone
95,9.7,0.0,2018-02-26T00:00:00,0.0,2018,58,0.0411000028252602,15.4,0.0831,pm25
98,9.7,0.0,2018-01-01T00:00:00,0.0,2018,188,0.0493000000715256,127.0,0.0509,pm25
96,9.7,2.1,2018-03-02T00:00:00,0.0,2018,39,0.0416999943554401,6.3,0.0119,ozone
92,9.7,0.0,2018-02-23T00:00:00,0.0,2018,56,0.0421000048518181,14.7,0.0399,pm25
90,9.7,0.0,2018-02-20T00:00:00,0.0,2018,46,0.0391000024974346,11.1,0.065,pm25
91,10.2,0.0,2018-02-16T00:00:00,0.0,2018,68,0.0456000044941902,20.2,0.0567,pm25
94,10.2,0.0,2018-02-28T00:00:00,0.0,2018,65,0.0446000024676323,18.8,0.0373,pm25
81,10.2,0.0,2018-02-19T00:00:00,0.0,2018,53,0.0414999984204769,13.0,0.0263,pm25
98,10.7,0.0,2018-03-05T00:00:00,0.0,2018,46,0.0436000041663647,11.0,0.0405,pm25
98,10.7,0.0,2018-03-04T00:00:00,0.0,2018,45,0.0433999933302402,10.7,0.0352,pm25
98,10.7,0.0,2018-01-26T00:00:00,0.0,2018,76,0.0418999902904034,23.8,0.0757,pm25
95,10.7,0.0,2018-03-03T00:00:00,0.0,2018,40,0.0433000028133392,7.7,0.0119,ozone
96,10.7,0.0,2018-02-13T00:00:00,0.0,2018,61,0.0403999909758568,16.7,0.0751,pm25
96,11.2,0.0,2018-01-20T00:00:00,0.0,2018,93,0.0293999910354614,32.0,0.0561,pm25
99,12.2,0.0,2018-01-07T00:00:00,0.0,2018,97,0.0298000015318394,33.9,0.0345,pm25
100,12.2,0.0,2018-12-28T00:00:00,0.0,2018,101,0.030799999833107,35.6,0.0658,pm25
97,12.2,0.0,2018-03-20T00:00:00,0.25,2018,67,0.0331000052392483,19.6,0.0135,pm25
98,12.7,1.5,2018-03-09T00:00:00,0.0,2018,65,0.0527999997138977,18.8,0.0262,pm25
100,13.2,0.0,2018-12-13T00:00:00,0.75,2018,120,0.0298999920487404,43.2,0.0668,pm25
95,13.2,0.0,2018-03-28T00:00:00,0.25,2018,73,0.0618000030517578,17.0,0.0329,ozone
96,13.7,0.0,2018-12-10T00:00:00,0.75,2018,88,0.0181000046432018,29.7,0.0142,pm25
99,13.7,0.0,2018-12-09T00:00:00,0.75,2018,98,0.0226000025868416,34.4,0.02,pm25
97,13.7,0.0,2018-03-29T00:00:00,0.25,2018,99,0.0696999430656433,18.4,0.0235,ozone
97,14.2,0.0,2018-03-30T00:00:00,0.25,2018,116,0.0752999782562256,17.8,0.0238,ozone
99,14.7,0.0,2018-04-17T00:00:00,0.25,2018,44,0.0471999943256378,6.8,0.0202,ozone
89,14.7,0.0,2018-04-20T00:00:00,0.25,2018,55,0.0536000058054924,14.0,0.0166,pm25
100,15.2,0.0,2018-12-01T00:00:00,0.75,2018,84,0.0232999995350838,27.6,0.0423,pm25
95,15.2,0.0,2018-04-21T00:00:00,0.25,2018,60,0.057499997317791,16.2,0.0114,pm25
100,15.2,0.0,2018-11-24T00:00:00,0.75,2018,50,0.031300000846386,12.0,0.014,pm25
84,16.4,2.1,2018-04-28T00:00:00,0.25,2018,52,0.0527999997138977,12.4,0.0062,pm25
95,18.4,0.0,2018-11-06T00:00:00,0.75,2018,102,0.0513999909162521,35.9,0.0581,pm25
89,19.4,0.0,2018-10-26T00:00:00,0.75,2018,132,0.0797999501228333,25.1,0.0495,ozone
90,22.4,1.5,2018-10-06T00:00:00,0.75,2018,60,0.0443999916315079,16.3,0.0159,pm25
82,22.4,0.0,2018-06-17T00:00:00,0.25,2018,62,0.0491000041365623,17.1,0.0113,pm25
82,22.4,0.0,2018-09-20T00:00:00,1.0,2018,144,0.0833999514579773,26.2,0.0568,ozone
79,22.4,0.0,2018-09-27T00:00:00,0.75,2018,201,0.0904999971389771,28.3,0.028,ozone
77,22.4,0.0,2018-06-22T00:00:00,1.0,2018,201,0.0910999774932861,17.4,0.0185,ozone
75,23.4,0.0,2018-09-11T00:00:00,1.0,2018,98,0.0692999958992004,16.5,0.034,ozone
76,23.4,0.0,2018-09-13T00:00:00,1.0,2018,54,0.0533000007271767,13.3,0.0149,pm25
77,24.4,0.0,2018-09-06T00:00:00,1.0,2018,139,0.0818999409675598,27.9,0.0181,ozone
81,25.4,1.5,2018-08-15T00:00:00,1.0,2018,107,0.0725999474525452,37.2,0.0122,ozone
73,25.4,0.0,2018-07-21T00:00:00,1.0,2018,81,0.064300000667572,15.8,0.0107,ozone
63,25.4,0.0,2018-07-26T00:00:00,1.0,2018,118,0.0758999586105347,33.1,0.0257,ozone
61,25.4,0.0,2018-08-19T00:00:00,1.0,2018,144,0.0831999778747559,24.5,0.0127,ozone
62,25.4,1.5,2018-08-13T00:00:00,1.0,2018,90,0.0669999718666077,21.1,0.0208,ozone
63,25.4,0.0,2018-07-20T00:00:00,1.0,2018,201,0.0930999517440796,21.6,0.0238,ozone
77,16.9,0.0,2018-04-26T00:00:00,0.25,2018,80,0.0638999938964844,19.1,0.015,ozone
88,18.9,0.0,2018-10-31T00:00:00,0.75,2018,70,0.0523999929428101,21.0,0.0301,pm25
86,19.9,0.0,2018-10-22T00:00:00,0.75,2018,131,0.0794999599456787,27.6,0.0465,ozone
85,20.9,1.5,2018-05-23T00:00:00,0.25,2018,58,0.0571000054478645,12.2,0.008,ozone
84,20.9,0.0,2018-06-01T00:00:00,0.25,2018,64,0.0591000057756901,14.6,0.0177,ozone
85,20.9,0.0,2018-10-16T00:00:00,0.75,2018,66,0.0596000030636787,19.0,0.0509,pm25
83,20.9,0.0,2018-05-24T00:00:00,0.25,2018,59,0.0576000027358532,11.0,0.0068,ozone
64,22.9,2.1,2018-09-15T00:00:00,1.0,2018,58,0.056999996304512,12.2,0.0114,ozone
76,22.9,0.0,2018-09-24T00:00:00,0.75,2018,134,0.080299973487854,21.5,0.0431,ozone
87,23.9,0.0,2018-09-02T00:00:00,1.0,2018,201,0.0919999480247498,22.1,0.0161,ozone
78,23.9,0.0,2018-09-08T00:00:00,1.0,2018,75,0.0623999908566475,17.9,0.0199,ozone
61,24.9,0.0,2018-07-12T00:00:00,1.0,2018,98,0.0692999958992004,18.2,0.0154,ozone
41,24.9,0.0,2018-07-06T00:00:00,1.0,2018,130,0.0791999697685242,20.6,0.0126,ozone
86,24.9,0.0,2018-08-08T00:00:00,1.0,2018,201,0.0953999757766724,60.5,0.0274,ozone
81,24.9,0.0,2018-08-16T00:00:00,1.0,2018,103,0.0716999769210815,25.2,0.0166,ozone
65,25.9,0.0,2018-08-05T00:00:00,1.0,2018,201,0.085599958896637,85.8,0.0109,ozone
75,25.9,0.0,2018-07-01T00:00:00,1.0,2018,201,0.0926999449729919,17.3,0.0128,ozone
69,25.9,1.5,2018-07-27T00:00:00,1.0,2018,138,0.0763999819755554,50.4,0.0205,pm25
93,16.1,1.5,2018-04-30T00:00:00,0.25,2018,54,0.0458999909460545,13.5,0.011,pm25
94,18.1,0.0,2018-11-07T00:00:00,0.75,2018,80,0.0638999938964844,24.6,0.0387,ozone
57,20.1,2.1,2018-05-26T00:00:00,0.25,2018,54,0.0504999980330467,13.7,0.0081,pm25
81,20.1,0.0,2018-10-19T00:00:00,0.75,2018,106,0.0723999738693237,21.9,0.0543,ozone
91,21.1,0.0,2018-10-15T00:00:00,0.75,2018,65,0.0536999963223934,18.8,0.0426,pm25
57,22.1,1.5,2018-06-05T00:00:00,0.25,2018,90,0.0668999552726746,15.7,0.0136,ozone
75,22.1,0.0,2018-06-19T00:00:00,0.25,2018,70,0.0608000010251999,13.4,0.0137,ozone
74,23.1,0.0,2018-09-10T00:00:00,1.0,2018,117,0.075499951839447,18.5,0.0276,ozone
65,25.1,1.5,2018-07-16T00:00:00,1.0,2018,128,0.0785999894142151,40.5,0.0118,ozone
57,25.1,0.0,2018-07-17T00:00:00,1.0,2018,200,0.098099946975708,38.4,0.0193,ozone
88,25.1,0.0,2018-08-22T00:00:00,1.0,2018,135,0.0805999636650085,24.9,0.0101,ozone
80,25.1,1.5,2018-07-05T00:00:00,1.0,2018,90,0.0669999718666077,18.6,0.0155,ozone
66,25.1,0.0,2018-08-18T00:00:00,1.0,2018,128,0.0787999629974365,21.4,0.015,ozone
83,26.1,0.0,2018-08-04T00:00:00,1.0,2018,201,0.096299946308136,98.7,0.0134,ozone
75,26.1,0.0,2018-07-28T00:00:00,1.0,2018,148,0.0842999815940857,52.5,0.0176,ozone
85,9.8,0.0,2018-02-21T00:00:00,0.0,2018,66,0.0461999960243702,19.1,0.0758,pm25
76,9.8,0.0,2018-02-22T00:00:00,0.0,2018,57,0.0429999977350235,15.0,0.0427,pm25
96,10.3,0.0,2018-01-03T00:00:00,0.0,2018,171,0.0278000012040138,93.6,0.0419,pm25
83,10.3,0.0,2018-02-18T00:00:00,0.0,2018,71,0.0431999936699867,21.6,0.0443,pm25
91,10.3,0.0,2018-02-17T00:00:00,0.0,2018,80,0.0586000047624111,25.8,0.0553,pm25
99,10.8,0.0,2018-01-30T00:00:00,0.0,2018,119,0.064300000667572,42.8,0.0664999,pm25
97,10.8,1.5,2018-01-25T00:00:00,0.0,2018,58,0.0446000024676323,15.3,0.029,pm25
96,11.3,0.0,2018-02-12T00:00:00,0.0,2018,57,0.0366999953985214,14.8,0.0397,pm25
97,11.3,0.0,2018-03-06T00:00:00,0.0,2018,54,0.0452999994158745,13.3,0.0433,pm25
100,11.3,0.0,2018-12-30T00:00:00,0.0,2018,126,0.0369999967515469,45.6,0.0661,pm25
88,11.3,0.0,2018-03-07T00:00:00,0.0,2018,66,0.0444999970495701,19.2,0.0645,pm25
99,11.3,0.0,2018-02-03T00:00:00,0.0,2018,148,0.062999963760376,54.7,0.0515,pm25
99,11.8,0.0,2018-03-17T00:00:00,0.0,2018,56,0.0433999933302402,14.4,0.0365,pm25
97,11.8,0.0,2018-02-08T00:00:00,0.0,2018,115,0.0524999983608723,41.3,0.0778,pm25
95,11.8,2.1,2018-01-19T00:00:00,0.0,2018,82,0.0388999916613102,26.7,0.0124,pm25
99,11.8,0.0,2018-01-18T00:00:00,0.0,2018,95,0.0156999975442886,33.0,0.0436,pm25
98,11.8,0.0,2018-02-07T00:00:00,0.0,2018,110,0.0544999986886978,39.3,0.0675,pm25
96,12.3,0.0,2018-01-09T00:00:00,0.0,2018,68,0.037699993699789,20.2,0.0254,pm25
98,12.3,0.0,2018-01-08T00:00:00,0.0,2018,71,0.0251999944448471,21.8,0.0178,pm25
99,12.8,0.0,2018-12-15T00:00:00,0.75,2018,97,0.0359999984502792,34.2,0.0598,pm25
95,12.8,0.0,2018-03-10T00:00:00,0.0,2018,52,0.0373999923467636,12.8,0.0143,pm25
98,12.8,2.1,2018-03-21T00:00:00,0.25,2018,49,0.0333999916911125,11.8,0.0125,pm25
100,13.3,0.0,2018-12-25T00:00:00,0.0,2018,92,0.031399991363287,31.7,0.0349,pm25
100,13.3,0.0,2018-12-24T00:00:00,0.0,2018,89,0.0266000032424927,30.2,0.031,pm25
95,13.3,0.0,2018-12-23T00:00:00,0.0,2018,85,0.0224999971687794,28.3,0.0224,pm25
92,13.3,1.5,2018-03-15T00:00:00,0.0,2018,44,0.0471999943256378,9.5,0.0102,ozone
99,13.8,0.0,2018-03-14T00:00:00,0.0,2018,43,0.0401000045239925,10.3,0.04,pm25
94,13.8,0.0,2018-03-24T00:00:00,0.25,2018,50,0.0519999973475933,11.9,0.0166,pm25
96,14.3,0.0,2018-04-18T00:00:00,0.25,2018,51,0.0456999950110912,12.1,0.0216,pm25
100,14.3,0.0,2018-11-22T00:00:00,0.75,2018,74,0.038100004196167,23.2,0.0309,pm25
97,14.8,0.0,2018-11-20T00:00:00,0.75,2018,162,0.0558000020682812,76.2,0.0818999,pm25
99,15.3,0.0,2018-11-30T00:00:00,0.75,2018,56,0.0311999954283237,14.3,0.0177,pm25
91,15.3,0.0,2018-11-16T00:00:00,0.75,2018,158,0.0558999925851822,68.3,0.0976,pm25
94,15.3,0.0,2018-04-13T00:00:00,0.25,2018,46,0.0501999966800213,10.1,0.0158,ozone
95,15.8,0.0,2018-11-14T00:00:00,0.75,2018,103,0.0451999939978123,36.3,0.1049,pm25
97,15.8,0.0,2018-04-14T00:00:00,0.25,2018,85,0.0652999877929688,14.1,0.0199,ozone
93,16.6,0.0,2018-04-04T00:00:00,0.25,2018,58,0.0571000054478645,15.6,0.0262,pm25
90,16.6,1.5,2018-04-08T00:00:00,0.25,2018,45,0.0439999997615814,10.7,0.0093,pm25
91,17.6,0.0,2018-11-09T00:00:00,0.75,2018,97,0.0631999969482422,33.8,0.0774,pm25
88,18.6,0.0,2018-11-02T00:00:00,0.75,2018,74,0.0618999935686588,22.8,0.05,pm25
91,18.6,0.0,2018-11-04T00:00:00,0.75,2018,90,0.0669999718666077,29.4,0.0427,ozone
93,18.6,0.0,2018-11-05T00:00:00,0.75,2018,76,0.0594999976456165,24.0,0.0399,pm25
77,20.6,0.0,2018-05-12T00:00:00,0.25,2018,57,0.0568999908864498,14.2,0.0089,ozone
83,22.6,0.0,2018-09-16T00:00:00,1.0,2018,48,0.0518999919295311,10.4,0.0079,ozone
89,22.6,0.0,2018-10-02T00:00:00,0.75,2018,69,0.0603999905288219,15.2,0.0258,ozone
84,22.6,0.0,2018-06-16T00:00:00,0.25,2018,81,0.0641999840736389,13.6,0.0106,ozone
92,22.6,0.0,2018-10-01T00:00:00,0.75,2018,80,0.0638999938964844,20.8,0.0345,ozone
84,22.6,0.0,2018-09-25T00:00:00,0.75,2018,128,0.0787999629974365,21.3,0.063,ozone
84,22.6,0.0,2018-06-13T00:00:00,0.25,2018,141,0.0823999643325806,18.5,0.0229,ozone
84,24.6,0.0,2018-09-04T00:00:00,1.0,2018,201,0.0949999690055847,36.3,0.0244,ozone
81,24.6,0.0,2018-09-05T00:00:00,1.0,2018,118,0.0758000016212463,27.7,0.0296,ozone
76,25.6,0.0,2018-07-02T00:00:00,1.0,2018,201,0.0911999940872192,73.1,0.0145,ozone
77,25.6,0.0,2018-07-03T00:00:00,1.0,2018,142,0.0827999711036682,23.6,0.0201,ozone
76,25.6,0.0,2018-07-04T00:00:00,1.0,2018,145,0.0644999742507935,53.4,0.0099,pm25
95,16.3,0.0,2018-04-11T00:00:00,0.25,2018,49,0.0533000007271767,10.5,0.0118,ozone
93,16.3,0.0,2018-04-10T00:00:00,0.25,2018,57,0.0568000003695488,13.3,0.0373,ozone
93,16.3,0.0,2018-11-12T00:00:00,0.75,2018,106,0.0538000017404556,37.7,0.0753999,pm25
92,16.3,0.0,2018-04-24T00:00:00,0.25,2018,94,0.0682999491691589,19.0,0.0233,ozone
83,16.3,4.1,2018-04-29T00:00:00,0.25,2018,55,0.0466999933123589,13.9,0.006,pm25
84,19.3,0.0,2018-10-30T00:00:00,0.75,2018,50,0.0461999960243702,11.9,0.0259,pm25
85,20.3,0.0,2018-10-18T00:00:00,0.75,2018,81,0.0640999674797058,16.5,0.0557,ozone
93,21.3,0.0,2018-10-13T00:00:00,0.75,2018,93,0.067799985408783,22.4,0.0361,ozone
77,21.3,1.5,2018-05-10T00:00:00,0.25,2018,57,0.0568000003695488,14.0,0.0101,ozone
91,21.3,0.0,2018-10-14T00:00:00,0.75,2018,60,0.055699996650219,16.2,0.0225,pm25
90,21.3,0.0,2018-10-10T00:00:00,0.75,2018,83,0.0516999959945679,27.3,0.0225,pm25
73,21.3,1.5,2018-06-11T00:00:00,0.25,2018,81,0.0641999840736389,11.8,0.0176,ozone
62,22.3,3.1,2018-05-30T00:00:00,0.25,2018,60,0.0576000027358532,16.5,0.0099,pm25
80,22.3,0.0,2018-09-17T00:00:00,1.0,2018,61,0.0579999983310699,13.9,0.0277,ozone
76,22.3,0.0,2018-09-26T00:00:00,0.75,2018,200,0.0985999703407288,25.7,0.0289,ozone
79,22.3,1.5,2018-09-18T00:00:00,1.0,2018,72,0.0613999925553799,16.3,0.0139,ozone
77,23.3,1.5,2018-09-14T00:00:00,1.0,2018,88,0.0663999915122986,12.6,0.0303,ozone
80,24.3,0.0,2018-08-29T00:00:00,1.0,2018,97,0.0689999461174011,17.2,0.0091,ozone
74,24.3,1.5,2018-06-29T00:00:00,1.0,2018,92,0.0674999952316284,14.6,0.0121,ozone
83,24.3,2.1,2018-08-28T00:00:00,1.0,2018,77,0.0628999471664429,19.2,0.0099,ozone
59,25.3,1.5,2018-07-24T00:00:00,1.0,2018,82,0.0644999742507935,20.5,0.0133,ozone
55,25.3,2.1,2018-07-22T00:00:00,1.0,2018,69,0.0603999905288219,15.9,0.0074,ozone
77,25.3,0.0,2018-08-10T00:00:00,1.0,2018,200,0.101699948310852,67.1,0.0342,ozone
67,25.3,1.5,2018-08-14T00:00:00,1.0,2018,96,0.0688999891281128,26.0,0.0166,ozone
59,26.3,1.5,2018-08-02T00:00:00,1.0,2018,201,0.0878999829292297,32.0,0.0157,ozone
78,26.3,0.0,2018-08-01T00:00:00,1.0,2018,201,0.0965999960899353,67.3,0.0249,ozone
95,9.9,3.1,2018-03-01T00:00:00,0.0,2018,44,0.0329999998211861,10.6,0.0123,pm25
98,9.9,0.0,2018-01-28T00:00:00,0.0,2018,117,0.0408999919891357,42.1,0.0731,pm25
94,9.9,0.0,2018-01-02T00:00:00,0.0,2018,164,0.0346000045537949,81.5,0.0721999,pm25
89,9.9,0.0,2018-02-25T00:00:00,0.0,2018,62,0.0463000014424324,17.3,0.0658,pm25
88,10.4,0.0,2018-02-15T00:00:00,0.0,2018,46,0.0403999909758568,11.0,0.0423,pm25
99,10.9,0.0,2018-01-24T00:00:00,0.0,2018,127,0.0371000058948994,46.0,0.0558,pm25
99,10.9,0.0,2018-01-04T00:00:00,0.0,2018,164,0.0291000045835972,81.4,0.0252,pm25
99,10.9,0.0,2018-01-31T00:00:00,0.0,2018,143,0.0316000059247017,52.6,0.0716,pm25
98,11.4,0.0,2018-02-04T00:00:00,0.0,2018,131,0.0564999990165234,47.7,0.0344,pm25
89,11.9,0.0,2018-03-08T00:00:00,0.0,2018,48,0.0488999933004379,11.6,0.0612,pm25
99,11.9,0.0,2018-01-11T00:00:00,0.0,2018,58,0.0328000001609325,15.4,0.0677,pm25
100,12.9,0.0,2018-12-20T00:00:00,0.75,2018,106,0.0243000015616417,37.5,0.0723,pm25
97,12.9,0.0,2018-03-26T00:00:00,0.25,2018,41,0.0436999946832657,9.8,0.0292,pm25
100,12.9,0.0,2018-12-21T00:00:00,0.0,2018,114,0.0147999972105026,40.6,0.0296,pm25
98,13.4,0.0,2018-03-22T00:00:00,0.25,2018,60,0.0368000008165836,16.4,0.0108,pm25
100,13.9,0.0,2018-12-07T00:00:00,0.75,2018,95,0.0232999995350838,32.9,0.0716,pm25
95,13.9,1.5,2018-03-13T00:00:00,0.0,2018,36,0.0368999913334846,8.6,0.0202,pm25
95,13.9,0.0,2018-12-04T00:00:00,0.75,2018,70,0.0238999910652637,21.0,0.0361,pm25
100,13.9,0.0,2018-12-08T00:00:00,0.75,2018,133,0.0238999910652637,48.4,0.0504,pm25
97,14.9,0.0,2018-11-19T00:00:00,0.75,2018,164,0.0496999956667423,80.2,0.09,pm25
100,15.4,0.0,2018-11-26T00:00:00,0.75,2018,92,0.0323999933898449,31.7,0.0553,pm25
100,15.4,0.0,2018-11-25T00:00:00,0.75,2018,87,0.0208999924361706,29.1,0.0438,pm25
99,15.4,0.0,2018-11-29T00:00:00,0.75,2018,52,0.035300001502037,12.6,0.0224,pm25
86,15.4,0.0,2018-04-15T00:00:00,0.25,2018,63,0.0566999949514866,17.8,0.0144,pm25
87,15.9,4.6,2018-04-12T00:00:00,0.25,2018,47,0.0511999949812889,6.7,0.0053,ozone
97,16.8,0.0,2018-04-07T00:00:00,0.25,2018,56,0.040499996393919,14.5,0.0057,pm25
94,16.8,0.0,2018-05-03T00:00:00,0.25,2018,62,0.0559999980032444,17.4,0.0153,pm25
97,16.8,0.0,2018-04-03T00:00:00,0.25,2018,53,0.0554999969899654,11.7,0.0232,ozone
92,16.8,0.0,2018-05-02T00:00:00,0.25,2018,56,0.055699996650219,14.6,0.0197,pm25
94,19.8,0.0,2018-10-23T00:00:00,0.75,2018,87,0.0643999576568604,29.3,0.0433,pm25
82,20.8,1.5,2018-05-19T00:00:00,0.25,2018,58,0.056999996304512,14.7,0.0079,ozone
78,20.8,2.1,2018-05-20T00:00:00,0.25,2018,57,0.0536999963223934,14.8,0.0049,pm25
76,21.8,0.0,2018-06-10T00:00:00,0.25,2018,45,0.0486000031232834,9.7,0.0079,ozone
80,21.8,0.0,2018-10-08T00:00:00,0.75,2018,64,0.05460000410676,18.4,0.0332,pm25
83,22.8,0.0,2018-06-23T00:00:00,1.0,2018,139,0.0818999409675598,45.3,0.0217,ozone
63,22.8,0.0,2018-06-15T00:00:00,0.25,2018,123,0.0773999691009521,16.5,0.0187,ozone
76,22.8,1.5,2018-09-29T00:00:00,0.75,2018,67,0.0528999902307987,19.9,0.0091,pm25
64,22.8,0.0,2018-06-14T00:00:00,0.25,2018,92,0.0674999952316284,14.3,0.0122,ozone
47,24.8,0.0,2018-07-08T00:00:00,1.0,2018,87,0.0658999681472778,13.1,0.0084,ozone
62,24.8,0.0,2018-07-11T00:00:00,1.0,2018,144,0.083299994468689,16.7,0.0186,ozone
64,24.8,0.0,2018-07-07T00:00:00,1.0,2018,141,0.0822999477386475,20.0,0.0106,ozone
79,24.8,0.0,2018-08-07T00:00:00,1.0,2018,155,0.11269998550415,63.6,0.0266,pm25
100,10.5,0.0,2019-02-24T00:00:00,0.0,2019,80,0.0503999926149845,25.9,0.0308,pm25
94,11.0,0.0,2019-02-25T00:00:00,0.0,2019,54,0.0451000034809113,13.5,0.0212,pm25
100,11.0,0.0,2019-01-07T00:00:00,0.0,2019,58,0.0354999974370003,15.2,0.0235,pm25
100,11.5,0.0,2019-02-07T00:00:00,0.0,2019,72,0.0397999994456768,22.1,0.063,pm25
94,11.5,0.0,2019-01-08T00:00:00,0.0,2019,76,0.0343999937176704,23.9,0.0397,pm25
100,12.0,0.0,2019-01-29T00:00:00,0.0,2019,143,0.0316000059247017,52.6,0.0576,pm25
100,12.0,0.0,2019-01-14T00:00:00,0.0,2019,81,0.0112999975681305,26.3,0.0417,pm25
79,12.5,1.5,2019-02-27T00:00:00,0.0,2019,52,0.0368999913334846,12.7,0.0142,pm25
97,12.5,0.0,2019-02-05T00:00:00,0.0,2019,52,0.0394999980926514,12.7,0.0296,pm25
99,13.0,0.0,2019-12-29T00:00:00,0.0,2019,63,0.031300000846386,18.0,0.0312,pm25
100,13.0,1.5,2019-03-01T00:00:00,0.0,2019,79,0.0331000052392483,25.3,0.0127,pm25
98,13.0,1.5,2019-02-28T00:00:00,0.0,2019,53,0.0342999994754791,13.2,0.0078,pm25
100,13.5,0.0,2019-12-22T00:00:00,0.0,2019,66,0.0316999964416027,19.0,0.0206,pm25
99,13.5,0.0,2019-12-21T00:00:00,0.0,2019,59,0.0271000042557716,16.0,0.0514,pm25
96,13.5,0.0,2019-03-18T00:00:00,0.0,2019,74,0.0621000044047832,15.8,0.0234,ozone
97,13.5,0.0,2019-03-08T00:00:00,0.0,2019,42,0.0451000034809113,8.3,0.0217,ozone
100,13.5,0.0,2019-12-23T00:00:00,0.0,2019,38,0.0213000029325485,9.0,0.016,pm25
100,14.0,0.0,2019-03-26T00:00:00,0.25,2019,62,0.0533000007271767,17.3,0.0191,pm25
59,14.0,0.0,2019-03-04T00:00:00,0.0,2019,39,0.0421999953687191,6.4,0.0134,ozone
99,17.0,0.0,2019-11-18T00:00:00,0.75,2019,112,0.0653999447822571,39.9,0.037,pm25
99,17.0,0.0,2019-11-19T00:00:00,0.75,2019,109,0.0613000020384789,38.6,0.0362,pm25
78,23.0,0.0,2019-06-12T00:00:00,0.25,2019,201,0.0914999842643738,22.9,0.0172,ozone
71,23.0,1.5,2019-06-14T00:00:00,0.25,2019,70,0.0608000010251999,16.3,0.0098,ozone
67,23.0,0.0,2019-06-13T00:00:00,0.25,2019,201,0.0930999517440796,20.4,0.011,ozone
81,25.0,1.5,2019-08-21T00:00:00,1.0,2019,102,0.0653999447822571,36.1,0.01,pm25
73,25.0,0.0,2019-07-25T00:00:00,1.0,2019,201,0.0950999855995178,26.7,0.0163,ozone
86,25.0,1.5,2019-09-09T00:00:00,1.0,2019,52,0.04789999127388,12.4,0.0152,pm25
88,25.0,0.0,2019-08-13T00:00:00,1.0,2019,118,0.0758000016212463,17.3,0.022,ozone
74,27.0,1.5,2019-07-27T00:00:00,1.0,2019,201,0.0898999571800232,22.6,0.0097,ozone
88,17.5,0.0,2019-11-01T00:00:00,0.75,2019,96,0.0513999909162521,33.5,0.0784,pm25
95,21.5,0.0,2019-10-03T00:00:00,0.75,2019,66,0.0596000030636787,17.3,0.0264,ozone
76,23.5,2.6,2019-06-27T00:00:00,1.0,2019,55,0.0519999973475933,14.2,0.0044,pm25
78,24.5,2.1,2019-08-11T00:00:00,1.0,2019,52,0.0516000054776669,12.5,0.0073,pm25
68,25.5,0.0,2019-09-02T00:00:00,1.0,2019,201,0.0889999866485596,20.8,0.0127,ozone
74,25.5,2.1,2019-08-09T00:00:00,1.0,2019,59,0.0576000027358532,12.7,0.0089,ozone
78,25.5,0.0,2019-08-24T00:00:00,1.0,2019,201,0.0925999879837036,24.2,0.0109,ozone
85,27.5,0.0,2019-07-28T00:00:00,1.0,2019,201,0.085599958896637,29.1,0.016,ozone
100,10.6,0.0,2019-02-19T00:00:00,0.0,2019,78,0.040499996393919,24.9,0.0402,pm25
100,10.6,0.0,2019-01-02T00:00:00,0.0,2019,124,0.0328999906778336,45.0,0.0777,pm25
97,11.1,1.5,2019-02-10T00:00:00,0.0,2019,70,0.0453999936580658,21.3,0.0348,pm25
96,11.1,1.5,2019-02-09T00:00:00,0.0,2019,45,0.0411999933421612,10.9,0.0069,pm25
100,11.1,0.0,2019-02-11T00:00:00,0.0,2019,53,0.0433999933302402,12.9,0.0435,pm25
100,11.6,0.0,2019-01-25T00:00:00,0.0,2019,108,0.0364999994635582,38.2,0.064,pm25
100,11.6,0.0,2019-02-16T00:00:00,0.0,2019,48,0.0398999936878681,11.4,0.0254,pm25
100,11.6,0.0,2019-01-24T00:00:00,0.0,2019,94,0.0336000025272369,32.7,0.0692,pm25
100,11.6,0.0,2019-01-26T00:00:00,0.0,2019,116,0.0361000038683414,41.5,0.0457,pm25
85,12.1,2.1,2019-01-16T00:00:00,0.0,2019,61,0.0309999994933605,16.9,0.0141,pm25
99,12.1,0.0,2019-02-06T00:00:00,0.0,2019,88,0.037699993699789,29.7,0.0735,pm25
98,12.6,0.0,2019-02-04T00:00:00,0.0,2019,51,0.0374999977648258,12.1,0.009,pm25
100,12.6,0.0,2019-01-17T00:00:00,0.0,2019,63,0.0283999927341938,17.6,0.0158,pm25
100,13.1,1.5,2019-03-02T00:00:00,0.0,2019,79,0.0339999981224537,25.3,0.007,pm25
100,13.1,0.0,2019-03-17T00:00:00,0.0,2019,59,0.0573999918997288,14.6,0.029,ozone
100,13.6,0.0,2019-12-20T00:00:00,0.75,2019,102,0.0331999957561493,36.0,0.0545,pm25
100,13.6,0.0,2019-12-24T00:00:00,0.0,2019,95,0.0298999920487404,33.0,0.0448,pm25
100,13.6,0.0,2019-12-25T00:00:00,0.0,2019,76,0.0342999994754791,24.0,0.0353,pm25
94,14.1,0.0,2019-03-05T00:00:00,0.0,2019,72,0.0338999927043915,22.2,0.0136,pm25
100,14.6,0.0,2019-04-01T00:00:00,0.25,2019,56,0.0562999993562698,14.3,0.0268,pm25
100,15.1,0.0,2019-04-06T00:00:00,0.25,2019,51,0.055100005120039,12.0,0.02,ozone
98,17.2,0.0,2019-11-10T00:00:00,0.75,2019,131,0.0727999806404114,47.8,0.0549,pm25
91,17.2,0.0,2019-11-05T00:00:00,0.75,2019,124,0.0774999856948853,33.4,0.0727,ozone
94,17.2,0.0,2019-11-03T00:00:00,0.75,2019,102,0.071399986743927,30.8,0.0548,ozone
99,17.2,0.0,2019-11-16T00:00:00,0.75,2019,99,0.0533000007271767,34.8,0.0537,pm25
99,17.2,0.0,2019-11-09T00:00:00,0.75,2019,134,0.0747999548912048,48.9,0.0495,pm25
98,17.2,0.0,2019-11-06T00:00:00,0.75,2019,115,0.074999988079071,30.1,0.0537,ozone
96,17.2,0.0,2019-11-11T00:00:00,0.75,2019,123,0.077299952507019,32.3,0.0428,ozone
97,17.2,0.0,2019-11-07T00:00:00,0.75,2019,130,0.0792999863624573,34.1,0.0716,ozone
91,17.2,0.0,2019-11-14T00:00:00,0.75,2019,127,0.0682999491691589,46.1,0.0526,pm25
99,17.2,0.0,2019-11-13T00:00:00,0.75,2019,119,0.0667999982833862,43.0,0.0713,pm25
98,17.2,0.0,2019-11-12T00:00:00,0.75,2019,136,0.0810999870300293,34.8,0.0813,ozone
98,17.2,0.0,2019-11-08T00:00:00,0.75,2019,137,0.0811999440193176,39.3,0.0699,ozone
80,23.2,1.5,2019-07-10T00:00:00,1.0,2019,57,0.055699996650219,14.9,0.0081,pm25
78,23.2,0.0,2019-06-28T00:00:00,1.0,2019,56,0.0533999912440777,14.3,0.0081,pm25
83,25.2,0.0,2019-08-23T00:00:00,1.0,2019,99,0.0702999830245972,30.7,0.0216,ozone
77,25.2,0.0,2019-07-12T00:00:00,1.0,2019,89,0.0666999816894531,16.6,0.0129,ozone
65,25.2,0.0,2019-07-23T00:00:00,1.0,2019,146,0.083899974822998,30.9,0.0126,ozone
98,16.7,0.0,2019-11-21T00:00:00,0.75,2019,66,0.0384999997913837,19.4,0.0548,pm25
82,22.7,0.0,2019-07-03T00:00:00,1.0,2019,69,0.0604999996721745,14.5,0.0101,ozone
81,22.7,0.0,2019-06-11T00:00:00,0.25,2019,134,0.0804999470710754,22.1,0.0212,ozone
76,22.7,1.5,2019-07-04T00:00:00,1.0,2019,182,0.0618999935686588,115.7,0.0094,pm25
84,22.7,1.5,2019-07-05T00:00:00,1.0,2019,87,0.0659999847412109,25.2,0.0144,ozone
79,22.7,1.5,2019-07-08T00:00:00,1.0,2019,58,0.056999996304512,15.5,0.0079,pm25
82,24.7,0.0,2019-08-12T00:00:00,1.0,2019,73,0.0618000030517578,15.8,0.0239,ozone
61,25.7,0.0,2019-08-26T00:00:00,1.0,2019,201,0.0852999687194824,30.1,0.0168,ozone
78,25.7,0.0,2019-08-17T00:00:00,1.0,2019,201,0.0900999903678894,41.0,0.009,ozone
78,25.7,0.0,2019-08-15T00:00:00,1.0,2019,200,0.0972999930381775,25.8,0.0198,ozone
85,25.7,0.0,2019-08-31T00:00:00,1.0,2019,97,0.0691999793052673,22.7,0.0132,ozone
76,25.7,0.0,2019-09-07T00:00:00,1.0,2019,118,0.0758000016212463,18.2,0.0105,ozone
72,25.7,0.0,2019-08-16T00:00:00,1.0,2019,200,0.103599965572357,26.2,0.0223,ozone
75,26.7,0.0,2019-07-26T00:00:00,1.0,2019,201,0.0895999670028687,21.5,0.0169,ozone
95,10.2,0.0,2019-01-05T00:00:00,0.0,2019,72,0.0351000055670738,22.2,0.0472,pm25
100,10.2,0.0,2019-01-04T00:00:00,0.0,2019,111,0.0283000022172928,39.5,0.0743,pm25
100,10.7,0.0,2019-02-18T00:00:00,0.0,2019,91,0.0366999953985214,31.0,0.038,pm25
100,10.7,0.0,2019-02-12T00:00:00,0.0,2019,75,0.0361000038683414,23.3,0.085,pm25
98,11.2,0.0,2019-02-08T00:00:00,0.0,2019,60,0.0439999997615814,16.6,0.0341,pm25
99,11.7,0.0,2019-02-15T00:00:00,0.0,2019,37,0.0391000024974346,8.8,0.0112,pm25
100,11.7,0.0,2019-02-14T00:00:00,0.0,2019,39,0.0423000007867813,8.8,0.0135,ozone
100,12.2,0.0,2019-01-30T00:00:00,0.0,2019,141,0.040999997407198,51.8,0.0594,pm25
100,12.2,0.0,2019-01-10T00:00:00,0.0,2019,72,0.0251000039279461,22.1,0.0257,pm25
99,12.7,0.0,2019-03-15T00:00:00,0.0,2019,56,0.0523999929428101,14.4,0.0539,pm25
100,12.7,0.0,2019-12-31T00:00:00,0.0,2019,127,0.0249999985098839,46.0,0.0645,pm25
99,12.7,2.6,2019-02-02T00:00:00,0.0,2019,48,0.0396999940276146,11.5,0.0064,pm25
100,12.7,0.0,2019-01-31T00:00:00,0.0,2019,116,0.0326000042259693,41.7,0.0267,pm25
100,12.7,0.0,2019-02-01T00:00:00,0.0,2019,70,0.0288999937474728,21.3,0.0283,pm25
91,12.7,4.1,2019-02-03T00:00:00,0.0,2019,37,0.0403000004589558,7.4,0.0048,ozone
100,12.7,0.0,2019-03-11T00:00:00,0.0,2019,45,0.0426999963819981,10.8,0.0314,pm25
100,12.7,0.0,2019-03-10T00:00:00,0.0,2019,46,0.0501999966800213,10.1,0.023,ozone
95,13.7,0.0,2019-03-23T00:00:00,0.25,2019,65,0.0521999932825565,18.7,0.0104,pm25
100,13.7,0.0,2019-03-24T00:00:00,0.25,2019,85,0.05519999563694,28.4,0.0189,pm25
100,13.7,0.0,2019-03-07T00:00:00,0.0,2019,46,0.038199994713068,11.1,0.0273,pm25
100,13.7,0.0,2019-03-22T00:00:00,0.25,2019,53,0.0513000003993511,13.0,0.0294,pm25
94,14.2,2.6,2019-03-29T00:00:00,0.25,2019,44,0.0476999953389168,9.7,0.0099,ozone
99,14.2,0.0,2019-03-30T00:00:00,0.25,2019,76,0.0476000048220158,24.1,0.0111,pm25
98,14.2,0.0,2019-03-27T00:00:00,0.25,2019,55,0.0351999960839748,13.8,0.0153,pm25
94,14.2,0.0,2019-03-28T00:00:00,0.25,2019,56,0.0481000058352947,14.3,0.0119,pm25
89,15.7,1.5,2019-04-10T00:00:00,0.25,2019,53,0.04789999127388,13.0,0.0088,pm25
100,15.7,0.0,2019-04-08T00:00:00,0.25,2019,68,0.0441000051796436,20.3,0.0154,pm25
99,16.4,0.0,2019-11-23T00:00:00,0.75,2019,70,0.0446000024676323,21.0,0.0502,pm25
82,24.4,0.0,2019-06-21T00:00:00,1.0,2019,73,0.0616000033915043,8.8,0.0078,ozone
90,25.4,0.0,2019-09-08T00:00:00,1.0,2019,53,0.0433999933302402,13.1,0.0077,pm25
99,16.9,0.0,2019-11-20T00:00:00,0.75,2019,66,0.0298000015318394,19.4,0.0186,pm25
91,18.9,0.0,2019-10-28T00:00:00,0.75,2019,75,0.0416999943554401,23.5,0.0426,pm25
77,22.9,0.0,2019-06-29T00:00:00,1.0,2019,77,0.062999963760376,11.8,0.0079,ozone
64,22.9,0.0,2019-06-30T00:00:00,1.0,2019,81,0.0641999840736389,14.1,0.0108,ozone
69,22.9,0.0,2019-07-01T00:00:00,1.0,2019,61,0.0581000037491322,15.7,0.0106,ozone
70,23.9,1.5,2019-06-25T00:00:00,1.0,2019,62,0.0541999936103821,17.1,0.0109,pm25
69,25.9,1.5,2019-08-29T00:00:00,1.0,2019,69,0.0541999936103821,20.7,0.0097,pm25
68,25.9,1.5,2019-08-27T00:00:00,1.0,2019,130,0.0793999433517456,27.4,0.0186,ozone
57,25.9,1.5,2019-08-28T00:00:00,1.0,2019,136,0.0809999704360962,21.7,0.016,ozone
75,26.9,0.0,2019-08-07T00:00:00,1.0,2019,115,0.0748999714851379,29.2,0.0142,ozone
74,27.9,1.5,2019-07-29T00:00:00,1.0,2019,145,0.0835999846458435,17.8,0.0096,ozone
67,27.9,1.5,2019-07-30T00:00:00,1.0,2019,109,0.0732999444007874,21.3,0.0097,ozone
95,17.1,0.0,2019-11-04T00:00:00,0.75,2019,118,0.0758000016212463,35.1,0.0591,ozone
99,17.1,0.0,2019-11-17T00:00:00,0.75,2019,96,0.0583999902009964,33.7,0.0406,pm25
85,21.1,0.0,2019-10-06T00:00:00,0.75,2019,108,0.0726999640464783,38.4,0.0196,pm25
100,10.3,0.0,2019-02-23T00:00:00,0.0,2019,93,0.0414999984204769,32.1,0.0358,pm25
100,10.3,0.0,2019-02-21T00:00:00,0.0,2019,38,0.037699993699789,9.0,0.0257,pm25
100,10.3,0.0,2019-02-22T00:00:00,0.0,2019,73,0.0374999977648258,22.4,0.0517,pm25
80,10.8,2.1,2019-02-13T00:00:00,0.0,2019,36,0.0391000024974346,7.8,0.0171,ozone
100,11.3,0.0,2019-02-17T00:00:00,0.0,2019,69,0.0403000004589558,20.8,0.0372,pm25
100,11.8,0.0,2019-01-09T00:00:00,0.0,2019,84,0.0283999927341938,27.6,0.0214,pm25
100,11.8,0.0,2019-01-15T00:00:00,0.0,2019,56,0.0311999954283237,14.6,0.0362,pm25
94,12.3,0.0,2019-01-12T00:00:00,0.0,2019,76,0.0406999960541725,24.0,0.0438,pm25
100,12.3,0.0,2019-01-11T00:00:00,0.0,2019,83,0.0223999917507172,27.1,0.0532,pm25
100,12.3,0.0,2019-01-13T00:00:00,0.0,2019,53,0.0348999910056591,13.1,0.0236,pm25
94,12.8,0.0,2019-03-14T00:00:00,0.0,2019,69,0.0494999997317791,20.8,0.0278,pm25
100,12.8,0.0,2019-01-18T00:00:00,0.0,2019,58,0.0321000032126904,15.3,0.0377,pm25
100,12.8,0.0,2019-12-30T00:00:00,0.0,2019,95,0.0173999927937984,33.0,0.0599,pm25
100,12.8,0.0,2019-03-12T00:00:00,0.0,2019,79,0.045499999076128,25.4,0.0345,pm25
98,12.8,0.0,2019-03-16T00:00:00,0.0,2019,64,0.0591000057756901,14.9,0.0257,ozone
100,12.8,0.0,2019-01-19T00:00:00,0.0,2019,53,0.0253999903798103,12.9,0.0381,pm25
80,12.8,0.0,2019-03-13T00:00:00,0.0,2019,52,0.0443999916315079,12.5,0.0151,pm25
99,13.3,0.0,2019-03-09T00:00:00,0.0,2019,48,0.0418999902904034,11.5,0.0244,pm25
100,13.3,0.0,2019-12-26T00:00:00,0.0,2019,70,0.0314999967813492,21.0,0.0577,pm25
100,13.3,0.0,2019-12-27T00:00:00,0.0,2019,89,0.0318999923765659,30.0,0.0536,pm25
61,13.3,2.1,2019-03-03T00:00:00,0.0,2019,34,0.0331999957561493,8.1,0.01,pm25
100,13.3,0.0,2019-12-28T00:00:00,0.0,2019,119,0.0331000052392483,43.0,0.0645,pm25
100,13.8,0.0,2019-03-21T00:00:00,0.25,2019,55,0.04789999127388,13.9,0.0225,pm25
100,13.8,0.0,2019-03-25T00:00:00,0.25,2019,67,0.0599999986588955,19.0,0.0259,ozone
96,13.8,0.0,2019-03-20T00:00:00,0.25,2019,49,0.0461999960243702,11.7,0.0245,pm25
89,13.8,0.0,2019-03-19T00:00:00,0.0,2019,71,0.0554999969899654,21.5,0.0161,pm25
52,13.8,2.6,2019-03-06T00:00:00,0.0,2019,37,0.040499996393919,8.3,0.0073,ozone
84,15.8,5.7,2019-04-09T00:00:00,0.25,2019,52,0.0521000027656555,12.4,0.0028,pm25
99,16.6,0.0,2019-11-22T00:00:00,0.75,2019,69,0.0406999960541725,20.5,0.0737,pm25
80,22.6,0.0,2019-07-09T00:00:00,1.0,2019,50,0.0536999963223934,10.0,0.0095,ozone
79,25.6,0.0,2019-08-14T00:00:00,1.0,2019,146,0.0839999914169312,23.4,0.0391,ozone
67,25.6,0.0,2019-09-04T00:00:00,1.0,2019,200,0.101999998092651,23.2,0.02,ozone
85,25.6,1.5,2019-08-19T00:00:00,1.0,2019,90,0.0667999982833862,16.7,0.0104,ozone
85,25.6,2.1,2019-08-20T00:00:00,1.0,2019,74,0.061999998986721,18.8,0.0098,ozone
62,25.6,0.0,2019-08-25T00:00:00,1.0,2019,91,0.0670999884605408,22.8,0.0058,ozone
68,25.6,0.0,2019-09-01T00:00:00,1.0,2019,135,0.0805999636650085,16.9,0.0159,ozone
61,25.6,1.5,2019-09-03T00:00:00,1.0,2019,109,0.073199987411499,20.3,0.0149,ozone
81,26.6,0.0,2019-08-04T00:00:00,1.0,2019,126,0.0780999660491943,15.9,0.0122,ozone
87,26.6,0.0,2019-08-03T00:00:00,1.0,2019,148,0.0842999815940857,24.1,0.0156,ozone
82,27.6,0.0,2019-07-31T00:00:00,1.0,2019,101,0.0708999633789062,24.9,0.0162,ozone
87,17.3,0.0,2019-11-02T00:00:00,0.75,2019,91,0.0644999742507935,31.3,0.0579,pm25
99,17.3,0.0,2019-11-15T00:00:00,0.75,2019,90,0.0366999953985214,30.5,0.0445,pm25
68,21.3,0.0,2019-10-04T00:00:00,0.75,2019,102,0.0484999977052212,36.0,0.0205,pm25
95,21.3,0.0,2019-10-05T00:00:00,0.75,2019,119,0.0608999915421009,43.0,0.0316,pm25
88,21.3,0.0,2019-10-07T00:00:00,0.75,2019,116,0.0753999352455139,37.0,0.0366,ozone
60,25.3,1.5,2019-07-24T00:00:00,1.0,2019,200,0.0983999371528625,22.5,0.0125,ozone
65,26.3,1.5,2019-08-08T00:00:00,1.0,2019,72,0.0613000020384789,19.1,0.0124,ozone
96,10.4,0.0,2019-02-20T00:00:00,0.0,2019,81,0.0414999984204769,26.2,0.0322,pm25
98,10.4,0.0,2019-01-03T00:00:00,0.0,2019,107,0.0293999910354614,37.9,0.1049,pm25
100,10.4,1.5,2019-01-06T00:00:00,0.0,2019,68,0.035300001502037,20.1,0.0123,pm25
100,10.9,0.0,2019-01-01T00:00:00,0.0,2019,153,0.0281000025570393,59.1,0.0638,pm25
69,11.4,1.5,2019-02-26T00:00:00,0.0,2019,58,0.0394999980926514,15.3,0.0183,pm25
100,11.9,0.0,2019-01-23T00:00:00,0.0,2019,101,0.0351000055670738,35.5,0.0853,pm25
100,14.4,0.0,2019-03-31T00:00:00,0.25,2019,56,0.0498999916017056,14.4,0.0205,pm25
100,14.9,0.0,2019-04-03T00:00:00,0.25,2019,52,0.0464999973773956,12.6,0.0177,pm25
100,14.9,0.0,2019-04-04T00:00:00,0.25,2019,62,0.040499996393919,17.4,0.0179,pm25
96,14.9,0.0,2019-04-02T00:00:00,0.25,2019,73,0.0453999936580658,22.6,0.0144,pm25
100,14.9,0.0,2019-04-05T00:00:00,0.25,2019,52,0.037600003182888,12.7,0.0148,pm25
99,15.4,0.0,2019-04-07T00:00:00,0.25,2019,58,0.0483000017702579,15.5,0.0144,pm25
93,15.4,0.0,2019-04-11T00:00:00,0.25,2019,58,0.0499999970197678,15.4,0.0137,pm25
84,17.8,0.0,2019-10-31T00:00:00,0.75,2019,88,0.0466999933123589,29.9,0.0585,pm25
91,21.8,0.0,2019-10-02T00:00:00,0.75,2019,58,0.0506000034511089,15.2,0.0301,pm25
75,22.8,0.0,2019-07-06T00:00:00,1.0,2019,113,0.0743999481201172,22.4,0.0103,ozone
65,22.8,1.5,2019-07-02T00:00:00,1.0,2019,65,0.0593000017106533,16.4,0.0121,ozone
83,22.8,2.1,2019-06-16T00:00:00,0.25,2019,81,0.0640999674797058,17.9,0.0091,ozone
75,22.8,0.0,2019-06-15T00:00:00,0.25,2019,75,0.0625,16.7,0.0143,ozone
69,22.8,0.0,2019-07-07T00:00:00,1.0,2019,59,0.0524999983608723,16.1,0.0055,pm25
61,23.8,3.1,2019-06-26T00:00:00,1.0,2019,51,0.0483000017702579,12.3,0.0067,pm25
84,24.8,1.5,2019-08-10T00:00:00,1.0,2019,70,0.0438999906182289,21.0,0.0062,pm25
76,24.8,0.0,2019-08-22T00:00:00,1.0,2019,83,0.0648999810218811,19.7,0.0142,ozone
73,24.8,0.0,2019-07-11T00:00:00,1.0,2019,68,0.0558000020682812,20.3,0.0078,pm25
75,25.8,1.5,2019-08-30T00:00:00,1.0,2019,80,0.0637999773025513,18.1,0.0097,ozone
66,25.8,0.0,2019-09-05T00:00:00,1.0,2019,149,0.0845999717712402,34.3,0.0165,ozone
72,25.8,1.5,2019-08-18T00:00:00,1.0,2019,63,0.0588000006973743,16.7,0.0084,ozone
61,25.8,1.5,2019-09-06T00:00:00,1.0,2019,88,0.0663999915122986,20.2,0.0126,ozone
85,26.8,0.0,2019-08-06T00:00:00,1.0,2019,201,0.0940999984741211,26.3,0.0232,ozone
68,26.8,1.5,2019-08-05T00:00:00,1.0,2019,100,0.0698999762535095,17.6,0.0083,ozone